SPOTINSTANCEPRICE	0.058000	2011-04-15T07:24:36-0700	c1.medium	Linux/UNIX
SPOTINSTANCEPRICE	0.060000	2011-04-15T09:08:34-0700	c1.medium	Linux/UNIX
SPOTINSTANCEPRICE	0.063000	2011-04-15T09:32:06-0700	c1.medium	Linux/UNIX
SPOTINSTANCEPRICE	0.058000	2011-04-15T13:18:22-0700	c1.medium	Linux/UNIX
SPOTINSTANCEPRICE	0.061000	2011-04-15T15:36:26-0700	c1.medium	Linux/UNIX
SPOTINSTANCEPRICE	0.062000	2011-04-15T18:37:53-0700	c1.medium	Linux/UNIX
SPOTINSTANCEPRICE	0.058000	2011-04-15T20:40:20-0700	c1.medium	Linux/UNIX
SPOTINSTANCEPRICE	0.060000	2011-04-16T00:20:09-0700	c1.medium	Linux/UNIX
SPOTINSTANCEPRICE	0.059000	2011-04-16T01:57:14-0700	c1.medium	Linux/UNIX
SPOTINSTANCEPRICE	0.063000	2011-04-16T07:01:47-0700	c1.medium	Linux/UNIX
SPOTINSTANCEPRICE	0.060000	2011-04-16T08:47:14-0700	c1.medium	Linux/UNIX
SPOTINSTANCEPRICE	0.059000	2011-04-16T13:21:27-0700	c1.medium	Linux/UNIX
SPOTINSTANCEPRICE	0.062000	2011-04-17T05:03:50-0700	c1.medium	Linux/UNIX
SPOTINSTANCEPRICE	0.057000	2011-04-17T07:01:00-0700	c1.medium	Linux/UNIX
SPOTINSTANCEPRICE	0.061000	2011-04-17T07:58:23-0700	c1.medium	Linux/UNIX
SPOTINSTANCEPRICE	0.063000	2011-04-17T08:41:51-0700	c1.medium	Linux/UNIX
SPOTINSTANCEPRICE	0.057000	2011-04-17T10:04:14-0700	c1.medium	Linux/UNIX
SPOTINSTANCEPRICE	0.062000	2011-04-17T10:19:23-0700	c1.medium	Linux/UNIX
SPOTINSTANCEPRICE	0.058000	2011-04-17T11:17:02-0700	c1.medium	Linux/UNIX
SPOTINSTANCEPRICE	0.060000	2011-04-17T11:38:58-0700	c1.medium	Linux/UNIX
SPOTINSTANCEPRICE	0.058000	2011-04-17T13:51:51-0700	c1.medium	Linux/UNIX
SPOTINSTANCEPRICE	0.063000	2011-04-17T16:13:07-0700	c1.medium	Linux/UNIX
SPOTINSTANCEPRICE	0.058000	2011-04-17T18:30:07-0700	c1.medium	Linux/UNIX
SPOTINSTANCEPRICE	0.060000	2011-04-17T21:23:20-0700	c1.medium	Linux/UNIX
SPOTINSTANCEPRICE	0.063000	2011-04-17T23:12:36-0700	c1.medium	Linux/UNIX
SPOTINSTANCEPRICE	0.061000	2011-04-17T23:50:18-0700	c1.medium	Linux/UNIX
SPOTINSTANCEPRICE	0.058000	2011-04-18T02:01:29-0700	c1.medium	Linux/UNIX
SPOTINSTANCEPRICE	0.062000	2011-04-18T05:03:39-0700	c1.medium	Linux/UNIX
SPOTINSTANCEPRICE	0.063000	2011-04-18T10:27:21-0700	c1.medium	Linux/UNIX
SPOTINSTANCEPRICE	0.062000	2011-04-18T10:48:54-0700	c1.medium	Linux/UNIX
SPOTINSTANCEPRICE	0.058000	2011-04-18T11:09:38-0700	c1.medium	Linux/UNIX
SPOTINSTANCEPRICE	0.062000	2011-04-18T12:29:44-0700	c1.medium	Linux/UNIX
SPOTINSTANCEPRICE	0.061000	2011-04-18T13:30:50-0700	c1.medium	Linux/UNIX
SPOTINSTANCEPRICE	0.057000	2011-04-18T14:06:45-0700	c1.medium	Linux/UNIX
SPOTINSTANCEPRICE	0.058000	2011-04-18T15:44:39-0700	c1.medium	Linux/UNIX
SPOTINSTANCEPRICE	0.063000	2011-04-18T17:07:16-0700	c1.medium	Linux/UNIX
SPOTINSTANCEPRICE	0.060000	2011-04-18T18:54:05-0700	c1.medium	Linux/UNIX
SPOTINSTANCEPRICE	0.062000	2011-04-18T19:18:13-0700	c1.medium	Linux/UNIX
SPOTINSTANCEPRICE	0.058000	2011-04-18T19:49:40-0700	c1.medium	Linux/UNIX
SPOTINSTANCEPRICE	0.062000	2011-04-18T21:08:43-0700	c1.medium	Linux/UNIX
SPOTINSTANCEPRICE	0.060000	2011-04-18T23:02:38-0700	c1.medium	Linux/UNIX
SPOTINSTANCEPRICE	0.057000	2011-04-18T23:23:06-0700	c1.medium	Linux/UNIX
SPOTINSTANCEPRICE	0.062000	2011-04-19T01:04:28-0700	c1.medium	Linux/UNIX
SPOTINSTANCEPRICE	0.060000	2011-04-19T02:42:57-0700	c1.medium	Linux/UNIX
SPOTINSTANCEPRICE	0.057000	2011-04-19T02:53:38-0700	c1.medium	Linux/UNIX
SPOTINSTANCEPRICE	0.059000	2011-04-19T03:11:24-0700	c1.medium	Linux/UNIX
SPOTINSTANCEPRICE	0.057000	2011-04-19T06:59:31-0700	c1.medium	Linux/UNIX
SPOTINSTANCEPRICE	0.058000	2011-04-19T07:13:01-0700	c1.medium	Linux/UNIX
SPOTINSTANCEPRICE	0.061000	2011-04-19T07:35:37-0700	c1.medium	Linux/UNIX
SPOTINSTANCEPRICE	0.062000	2011-04-19T07:53:42-0700	c1.medium	Linux/UNIX
SPOTINSTANCEPRICE	0.057000	2011-04-19T14:08:46-0700	c1.medium	Linux/UNIX
SPOTINSTANCEPRICE	0.058000	2011-04-19T16:58:48-0700	c1.medium	Linux/UNIX
SPOTINSTANCEPRICE	0.063000	2011-04-19T17:24:10-0700	c1.medium	Linux/UNIX
SPOTINSTANCEPRICE	0.059000	2011-04-19T17:33:41-0700	c1.medium	Linux/UNIX
SPOTINSTANCEPRICE	0.063000	2011-04-19T19:42:06-0700	c1.medium	Linux/UNIX
SPOTINSTANCEPRICE	0.058000	2011-04-19T21:39:18-0700	c1.medium	Linux/UNIX
SPOTINSTANCEPRICE	0.060000	2011-04-20T01:07:30-0700	c1.medium	Linux/UNIX
SPOTINSTANCEPRICE	0.058000	2011-04-20T01:52:25-0700	c1.medium	Linux/UNIX
SPOTINSTANCEPRICE	0.057000	2011-04-20T07:24:53-0700	c1.medium	Linux/UNIX
SPOTINSTANCEPRICE	0.060000	2011-04-20T09:17:07-0700	c1.medium	Linux/UNIX
SPOTINSTANCEPRICE	0.061000	2011-04-20T13:01:06-0700	c1.medium	Linux/UNIX
SPOTINSTANCEPRICE	0.062000	2011-04-20T14:51:44-0700	c1.medium	Linux/UNIX
SPOTINSTANCEPRICE	0.058000	2011-04-20T20:02:05-0700	c1.medium	Linux/UNIX
SPOTINSTANCEPRICE	0.060000	2011-04-20T20:59:30-0700	c1.medium	Linux/UNIX
SPOTINSTANCEPRICE	0.058000	2011-04-20T23:34:36-0700	c1.medium	Linux/UNIX
SPOTINSTANCEPRICE	0.061000	2011-04-21T00:34:25-0700	c1.medium	Linux/UNIX
SPOTINSTANCEPRICE	0.062000	2011-04-21T00:48:30-0700	c1.medium	Linux/UNIX
SPOTINSTANCEPRICE	0.058000	2011-04-21T03:07:14-0700	c1.medium	Linux/UNIX
SPOTINSTANCEPRICE	0.057000	2011-04-21T04:14:26-0700	c1.medium	Linux/UNIX
SPOTINSTANCEPRICE	0.059000	2011-04-21T07:01:28-0700	c1.medium	Linux/UNIX
SPOTINSTANCEPRICE	0.057000	2011-04-21T07:32:17-0700	c1.medium	Linux/UNIX
SPOTINSTANCEPRICE	0.060000	2011-04-21T08:23:47-0700	c1.medium	Linux/UNIX
SPOTINSTANCEPRICE	0.062000	2011-04-21T10:15:48-0700	c1.medium	Linux/UNIX
SPOTINSTANCEPRICE	0.060000	2011-04-21T10:40:51-0700	c1.medium	Linux/UNIX
SPOTINSTANCEPRICE	0.058000	2011-04-21T11:04:04-0700	c1.medium	Linux/UNIX
SPOTINSTANCEPRICE	0.063000	2011-04-21T11:17:53-0700	c1.medium	Linux/UNIX
SPOTINSTANCEPRICE	0.062000	2011-04-21T15:19:38-0700	c1.medium	Linux/UNIX
SPOTINSTANCEPRICE	0.063000	2011-04-21T16:02:56-0700	c1.medium	Linux/UNIX
SPOTINSTANCEPRICE	0.061000	2011-04-21T18:19:30-0700	c1.medium	Linux/UNIX
SPOTINSTANCEPRICE	0.059000	2011-04-21T18:29:51-0700	c1.medium	Linux/UNIX
SPOTINSTANCEPRICE	0.063000	2011-04-21T18:54:02-0700	c1.medium	Linux/UNIX
SPOTINSTANCEPRICE	0.060000	2011-04-21T20:34:46-0700	c1.medium	Linux/UNIX
SPOTINSTANCEPRICE	0.059000	2011-04-22T01:26:09-0700	c1.medium	Linux/UNIX
SPOTINSTANCEPRICE	0.061000	2011-04-22T01:44:06-0700	c1.medium	Linux/UNIX
SPOTINSTANCEPRICE	0.059000	2011-04-22T04:24:56-0700	c1.medium	Linux/UNIX
SPOTINSTANCEPRICE	0.062000	2011-04-22T05:22:45-0700	c1.medium	Linux/UNIX
SPOTINSTANCEPRICE	0.060000	2011-04-22T07:09:37-0700	c1.medium	Linux/UNIX
SPOTINSTANCEPRICE	0.063000	2011-04-22T07:51:14-0700	c1.medium	Linux/UNIX
SPOTINSTANCEPRICE	0.061000	2011-04-22T08:10:29-0700	c1.medium	Linux/UNIX
SPOTINSTANCEPRICE	0.059000	2011-04-22T14:15:05-0700	c1.medium	Linux/UNIX
SPOTINSTANCEPRICE	0.057000	2011-04-22T16:15:04-0700	c1.medium	Linux/UNIX
SPOTINSTANCEPRICE	0.060000	2011-04-22T16:53:09-0700	c1.medium	Linux/UNIX
SPOTINSTANCEPRICE	0.062000	2011-04-22T19:47:55-0700	c1.medium	Linux/UNIX
SPOTINSTANCEPRICE	0.057000	2011-04-22T20:20:23-0700	c1.medium	Linux/UNIX
SPOTINSTANCEPRICE	0.060000	2011-04-23T00:03:59-0700	c1.medium	Linux/UNIX
SPOTINSTANCEPRICE	0.058000	2011-04-23T03:03:07-0700	c1.medium	Linux/UNIX
SPOTINSTANCEPRICE	0.060000	2011-04-23T03:34:02-0700	c1.medium	Linux/UNIX
SPOTINSTANCEPRICE	0.062000	2011-04-23T03:53:32-0700	c1.medium	Linux/UNIX
SPOTINSTANCEPRICE	0.057000	2011-04-23T05:12:55-0700	c1.medium	Linux/UNIX
SPOTINSTANCEPRICE	0.063000	2011-04-23T05:49:26-0700	c1.medium	Linux/UNIX
SPOTINSTANCEPRICE	0.058000	2011-04-23T06:25:55-0700	c1.medium	Linux/UNIX
SPOTINSTANCEPRICE	0.062000	2011-04-23T08:05:50-0700	c1.medium	Linux/UNIX
SPOTINSTANCEPRICE	0.058000	2011-04-23T11:03:59-0700	c1.medium	Linux/UNIX
SPOTINSTANCEPRICE	0.063000	2011-04-23T11:15:54-0700	c1.medium	Linux/UNIX
SPOTINSTANCEPRICE	0.058000	2011-04-23T11:25:07-0700	c1.medium	Linux/UNIX
SPOTINSTANCEPRICE	0.057000	2011-04-23T12:46:14-0700	c1.medium	Linux/UNIX
SPOTINSTANCEPRICE	0.061000	2011-04-23T13:04:28-0700	c1.medium	Linux/UNIX
SPOTINSTANCEPRICE	0.059000	2011-04-23T14:50:26-0700	c1.medium	Linux/UNIX
SPOTINSTANCEPRICE	0.062000	2011-04-23T16:55:00-0700	c1.medium	Linux/UNIX
SPOTINSTANCEPRICE	0.058000	2011-04-23T17:04:22-0700	c1.medium	Linux/UNIX
SPOTINSTANCEPRICE	0.061000	2011-04-23T22:22:13-0700	c1.medium	Linux/UNIX
SPOTINSTANCEPRICE	0.058000	2011-04-23T22:38:06-0700	c1.medium	Linux/UNIX
SPOTINSTANCEPRICE	0.057000	2011-04-24T04:23:31-0700	c1.medium	Linux/UNIX
SPOTINSTANCEPRICE	0.062000	2011-04-24T06:34:26-0700	c1.medium	Linux/UNIX
SPOTINSTANCEPRICE	0.058000	2011-04-24T08:12:35-0700	c1.medium	Linux/UNIX
SPOTINSTANCEPRICE	0.062000	2011-04-24T09:01:41-0700	c1.medium	Linux/UNIX
SPOTINSTANCEPRICE	0.057000	2011-04-24T10:19:16-0700	c1.medium	Linux/UNIX
SPOTINSTANCEPRICE	0.059000	2011-04-24T10:47:51-0700	c1.medium	Linux/UNIX
SPOTINSTANCEPRICE	0.062000	2011-04-24T10:54:17-0700	c1.medium	Linux/UNIX
SPOTINSTANCEPRICE	0.063000	2011-04-24T13:01:26-0700	c1.medium	Linux/UNIX
SPOTINSTANCEPRICE	0.062000	2011-04-24T13:08:34-0700	c1.medium	Linux/UNIX
SPOTINSTANCEPRICE	0.061000	2011-04-24T15:14:27-0700	c1.medium	Linux/UNIX
SPOTINSTANCEPRICE	0.057000	2011-04-24T22:33:18-0700	c1.medium	Linux/UNIX
SPOTINSTANCEPRICE	0.058000	2011-04-25T01:36:52-0700	c1.medium	Linux/UNIX
SPOTINSTANCEPRICE	0.062000	2011-04-25T02:16:09-0700	c1.medium	Linux/UNIX
SPOTINSTANCEPRICE	0.057000	2011-04-25T04:44:13-0700	c1.medium	Linux/UNIX
SPOTINSTANCEPRICE	0.063000	2011-04-25T05:02:20-0700	c1.medium	Linux/UNIX
SPOTINSTANCEPRICE	0.059000	2011-04-25T08:48:17-0700	c1.medium	Linux/UNIX
SPOTINSTANCEPRICE	0.062000	2011-04-25T09:41:07-0700	c1.medium	Linux/UNIX
SPOTINSTANCEPRICE	0.058000	2011-04-25T10:31:17-0700	c1.medium	Linux/UNIX
SPOTINSTANCEPRICE	0.062000	2011-04-25T11:41:53-0700	c1.medium	Linux/UNIX
SPOTINSTANCEPRICE	0.057000	2011-04-25T11:52:24-0700	c1.medium	Linux/UNIX
SPOTINSTANCEPRICE	0.062000	2011-04-25T16:28:58-0700	c1.medium	Linux/UNIX
SPOTINSTANCEPRICE	0.057000	2011-04-25T20:50:59-0700	c1.medium	Linux/UNIX
SPOTINSTANCEPRICE	0.060000	2011-04-25T23:30:24-0700	c1.medium	Linux/UNIX
SPOTINSTANCEPRICE	0.059000	2011-04-26T01:42:44-0700	c1.medium	Linux/UNIX
SPOTINSTANCEPRICE	0.061000	2011-04-26T02:49:53-0700	c1.medium	Linux/UNIX
SPOTINSTANCEPRICE	0.063000	2011-04-26T07:08:07-0700	c1.medium	Linux/UNIX
SPOTINSTANCEPRICE	0.059000	2011-04-26T08:38:40-0700	c1.medium	Linux/UNIX
SPOTINSTANCEPRICE	0.063000	2011-04-26T11:26:51-0700	c1.medium	Linux/UNIX
SPOTINSTANCEPRICE	0.059000	2011-04-26T12:30:36-0700	c1.medium	Linux/UNIX
SPOTINSTANCEPRICE	0.061000	2011-04-26T14:12:15-0700	c1.medium	Linux/UNIX
SPOTINSTANCEPRICE	0.058000	2011-04-26T14:37:24-0700	c1.medium	Linux/UNIX
SPOTINSTANCEPRICE	0.057000	2011-04-26T14:57:56-0700	c1.medium	Linux/UNIX
SPOTINSTANCEPRICE	0.059000	2011-04-26T15:20:55-0700	c1.medium	Linux/UNIX
SPOTINSTANCEPRICE	0.060000	2011-04-26T16:09:18-0700	c1.medium	Linux/UNIX
SPOTINSTANCEPRICE	0.058000	2011-04-26T18:08:25-0700	c1.medium	Linux/UNIX
SPOTINSTANCEPRICE	0.061000	2011-04-26T18:44:11-0700	c1.medium	Linux/UNIX
SPOTINSTANCEPRICE	0.058000	2011-04-26T19:03:13-0700	c1.medium	Linux/UNIX
SPOTINSTANCEPRICE	0.062000	2011-04-26T21:07:26-0700	c1.medium	Linux/UNIX
SPOTINSTANCEPRICE	0.057000	2011-04-26T21:21:24-0700	c1.medium	Linux/UNIX
SPOTINSTANCEPRICE	0.059000	2011-04-26T23:21:45-0700	c1.medium	Linux/UNIX
SPOTINSTANCEPRICE	0.062000	2011-04-26T23:40:24-0700	c1.medium	Linux/UNIX
SPOTINSTANCEPRICE	0.060000	2011-04-27T00:58:05-0700	c1.medium	Linux/UNIX
SPOTINSTANCEPRICE	0.063000	2011-04-27T01:32:18-0700	c1.medium	Linux/UNIX
SPOTINSTANCEPRICE	0.058000	2011-04-27T04:08:27-0700	c1.medium	Linux/UNIX
SPOTINSTANCEPRICE	0.061000	2011-04-27T11:37:56-0700	c1.medium	Linux/UNIX
SPOTINSTANCEPRICE	0.059000	2011-04-27T11:57:50-0700	c1.medium	Linux/UNIX
SPOTINSTANCEPRICE	0.063000	2011-04-27T14:01:43-0700	c1.medium	Linux/UNIX
SPOTINSTANCEPRICE	0.058000	2011-04-27T14:56:51-0700	c1.medium	Linux/UNIX
SPOTINSTANCEPRICE	0.057000	2011-04-27T17:03:32-0700	c1.medium	Linux/UNIX
SPOTINSTANCEPRICE	0.059000	2011-04-27T17:52:02-0700	c1.medium	Linux/UNIX
SPOTINSTANCEPRICE	0.060000	2011-04-27T18:24:30-0700	c1.medium	Linux/UNIX
SPOTINSTANCEPRICE	0.059000	2011-04-27T19:28:25-0700	c1.medium	Linux/UNIX
SPOTINSTANCEPRICE	0.062000	2011-04-27T21:37:36-0700	c1.medium	Linux/UNIX
SPOTINSTANCEPRICE	0.060000	2011-04-27T22:56:54-0700	c1.medium	Linux/UNIX
SPOTINSTANCEPRICE	0.058000	2011-04-28T01:14:58-0700	c1.medium	Linux/UNIX
SPOTINSTANCEPRICE	0.057000	2011-04-28T03:01:31-0700	c1.medium	Linux/UNIX
SPOTINSTANCEPRICE	0.058000	2011-04-28T06:49:40-0700	c1.medium	Linux/UNIX
SPOTINSTANCEPRICE	0.062000	2011-04-28T07:44:24-0700	c1.medium	Linux/UNIX
SPOTINSTANCEPRICE	0.059000	2011-04-28T10:34:48-0700	c1.medium	Linux/UNIX
SPOTINSTANCEPRICE	0.063000	2011-04-28T11:51:37-0700	c1.medium	Linux/UNIX
SPOTINSTANCEPRICE	0.058000	2011-04-28T13:02:22-0700	c1.medium	Linux/UNIX
SPOTINSTANCEPRICE	0.060000	2011-04-28T13:11:28-0700	c1.medium	Linux/UNIX
SPOTINSTANCEPRICE	0.062000	2011-04-28T13:59:56-0700	c1.medium	Linux/UNIX
SPOTINSTANCEPRICE	0.061000	2011-04-28T17:15:57-0700	c1.medium	Linux/UNIX
SPOTINSTANCEPRICE	0.057000	2011-04-28T22:45:22-0700	c1.medium	Linux/UNIX
SPOTINSTANCEPRICE	0.062000	2011-04-28T23:06:22-0700	c1.medium	Linux/UNIX
SPOTINSTANCEPRICE	0.063000	2011-04-28T23:58:19-0700	c1.medium	Linux/UNIX
SPOTINSTANCEPRICE	0.062000	2011-04-29T00:56:10-0700	c1.medium	Linux/UNIX
SPOTINSTANCEPRICE	0.061000	2011-04-29T02:46:06-0700	c1.medium	Linux/UNIX
SPOTINSTANCEPRICE	0.062000	2011-04-29T04:12:12-0700	c1.medium	Linux/UNIX
SPOTINSTANCEPRICE	0.061000	2011-04-29T09:34:42-0700	c1.medium	Linux/UNIX
SPOTINSTANCEPRICE	0.058000	2011-04-29T12:19:28-0700	c1.medium	Linux/UNIX
SPOTINSTANCEPRICE	0.057000	2011-04-29T13:37:08-0700	c1.medium	Linux/UNIX
SPOTINSTANCEPRICE	0.059000	2011-04-29T13:49:41-0700	c1.medium	Linux/UNIX
SPOTINSTANCEPRICE	0.057000	2011-04-29T16:19:50-0700	c1.medium	Linux/UNIX
SPOTINSTANCEPRICE	0.061000	2011-04-29T19:52:34-0700	c1.medium	Linux/UNIX
SPOTINSTANCEPRICE	0.060000	2011-04-29T20:48:30-0700	c1.medium	Linux/UNIX
SPOTINSTANCEPRICE	0.059000	2011-04-29T22:35:46-0700	c1.medium	Linux/UNIX
SPOTINSTANCEPRICE	0.057000	2011-04-30T01:13:54-0700	c1.medium	Linux/UNIX
SPOTINSTANCEPRICE	0.062000	2011-04-30T05:39:57-0700	c1.medium	Linux/UNIX
SPOTINSTANCEPRICE	0.058000	2011-04-30T08:49:00-0700	c1.medium	Linux/UNIX
SPOTINSTANCEPRICE	0.060000	2011-04-30T11:12:00-0700	c1.medium	Linux/UNIX
SPOTINSTANCEPRICE	0.058000	2011-04-30T11:41:02-0700	c1.medium	Linux/UNIX
SPOTINSTANCEPRICE	0.062000	2011-04-30T15:09:57-0700	c1.medium	Linux/UNIX
SPOTINSTANCEPRICE	0.057000	2011-04-30T15:15:52-0700	c1.medium	Linux/UNIX
SPOTINSTANCEPRICE	0.058000	2011-04-30T16:00:06-0700	c1.medium	Linux/UNIX
SPOTINSTANCEPRICE	0.061000	2011-04-30T17:28:52-0700	c1.medium	Linux/UNIX
SPOTINSTANCEPRICE	0.062000	2011-04-30T20:42:06-0700	c1.medium	Linux/UNIX
SPOTINSTANCEPRICE	0.058000	2011-05-01T00:23:51-0700	c1.medium	Linux/UNIX
SPOTINSTANCEPRICE	0.062000	2011-05-01T01:44:21-0700	c1.medium	Linux/UNIX
SPOTINSTANCEPRICE	0.060000	2011-05-01T02:16:23-0700	c1.medium	Linux/UNIX
SPOTINSTANCEPRICE	0.057000	2011-05-01T03:29:18-0700	c1.medium	Linux/UNIX
SPOTINSTANCEPRICE	0.060000	2011-05-01T04:22:37-0700	c1.medium	Linux/UNIX
SPOTINSTANCEPRICE	0.059000	2011-05-01T05:00:07-0700	c1.medium	Linux/UNIX
SPOTINSTANCEPRICE	0.060000	2011-05-01T05:58:56-0700	c1.medium	Linux/UNIX
SPOTINSTANCEPRICE	0.057000	2011-05-01T06:18:58-0700	c1.medium	Linux/UNIX
SPOTINSTANCEPRICE	0.062000	2011-05-01T07:54:45-0700	c1.medium	Linux/UNIX
SPOTINSTANCEPRICE	0.057000	2011-05-01T08:00:39-0700	c1.medium	Linux/UNIX
SPOTINSTANCEPRICE	0.063000	2011-05-01T09:24:39-0700	c1.medium	Linux/UNIX
SPOTINSTANCEPRICE	0.062000	2011-05-01T09:59:49-0700	c1.medium	Linux/UNIX
SPOTINSTANCEPRICE	0.059000	2011-05-01T10:33:33-0700	c1.medium	Linux/UNIX
SPOTINSTANCEPRICE	0.057000	2011-05-01T11:35:43-0700	c1.medium	Linux/UNIX
SPOTINSTANCEPRICE	0.063000	2011-05-01T13:27:32-0700	c1.medium	Linux/UNIX
SPOTINSTANCEPRICE	0.062000	2011-05-01T15:33:53-0700	c1.medium	Linux/UNIX
SPOTINSTANCEPRICE	0.061000	2011-05-01T16:31:03-0700	c1.medium	Linux/UNIX
SPOTINSTANCEPRICE	0.057000	2011-05-01T18:48:37-0700	c1.medium	Linux/UNIX
SPOTINSTANCEPRICE	0.058000	2011-05-01T22:19:39-0700	c1.medium	Linux/UNIX
SPOTINSTANCEPRICE	0.061000	2011-05-02T04:26:55-0700	c1.medium	Linux/UNIX
SPOTINSTANCEPRICE	0.058000	2011-05-02T06:34:11-0700	c1.medium	Linux/UNIX
SPOTINSTANCEPRICE	0.061000	2011-05-02T09:16:53-0700	c1.medium	Linux/UNIX
SPOTINSTANCEPRICE	0.057000	2011-05-02T10:13:40-0700	c1.medium	Linux/UNIX
SPOTINSTANCEPRICE	0.061000	2011-05-02T14:58:42-0700	c1.medium	Linux/UNIX
SPOTINSTANCEPRICE	0.062000	2011-05-02T15:50:25-0700	c1.medium	Linux/UNIX
SPOTINSTANCEPRICE	0.060000	2011-05-02T16:02:55-0700	c1.medium	Linux/UNIX
SPOTINSTANCEPRICE	0.057000	2011-05-02T16:58:15-0700	c1.medium	Linux/UNIX
SPOTINSTANCEPRICE	0.061000	2011-05-02T20:01:29-0700	c1.medium	Linux/UNIX
SPOTINSTANCEPRICE	0.058000	2011-05-02T20:28:03-0700	c1.medium	Linux/UNIX
SPOTINSTANCEPRICE	0.057000	2011-05-02T21:24:10-0700	c1.medium	Linux/UNIX
SPOTINSTANCEPRICE	0.059000	2011-05-02T23:05:27-0700	c1.medium	Linux/UNIX
SPOTINSTANCEPRICE	0.062000	2011-05-02T23:24:30-0700	c1.medium	Linux/UNIX
SPOTINSTANCEPRICE	0.059000	2011-05-03T01:48:04-0700	c1.medium	Linux/UNIX
SPOTINSTANCEPRICE	0.062000	2011-05-03T04:43:28-0700	c1.medium	Linux/UNIX
SPOTINSTANCEPRICE	0.057000	2011-05-03T05:05:25-0700	c1.medium	Linux/UNIX
SPOTINSTANCEPRICE	0.059000	2011-05-03T05:58:43-0700	c1.medium	Linux/UNIX
SPOTINSTANCEPRICE	0.057000	2011-05-03T06:30:07-0700	c1.medium	Linux/UNIX
SPOTINSTANCEPRICE	0.062000	2011-05-03T09:24:21-0700	c1.medium	Linux/UNIX
SPOTINSTANCEPRICE	0.057000	2011-05-03T14:06:58-0700	c1.medium	Linux/UNIX
SPOTINSTANCEPRICE	0.058000	2011-05-03T17:56:06-0700	c1.medium	Linux/UNIX
SPOTINSTANCEPRICE	0.061000	2011-05-03T22:13:21-0700	c1.medium	Linux/UNIX
SPOTINSTANCEPRICE	0.062000	2011-05-04T03:40:48-0700	c1.medium	Linux/UNIX
SPOTINSTANCEPRICE	0.059000	2011-05-04T06:48:35-0700	c1.medium	Linux/UNIX
SPOTINSTANCEPRICE	0.062000	2011-05-04T07:25:22-0700	c1.medium	Linux/UNIX
SPOTINSTANCEPRICE	0.058000	2011-05-04T08:02:56-0700	c1.medium	Linux/UNIX
SPOTINSTANCEPRICE	0.062000	2011-05-04T08:12:37-0700	c1.medium	Linux/UNIX
SPOTINSTANCEPRICE	0.059000	2011-05-04T10:37:46-0700	c1.medium	Linux/UNIX
SPOTINSTANCEPRICE	0.062000	2011-05-04T11:09:37-0700	c1.medium	Linux/UNIX
SPOTINSTANCEPRICE	0.061000	2011-05-04T13:06:43-0700	c1.medium	Linux/UNIX
SPOTINSTANCEPRICE	0.063000	2011-05-04T14:44:40-0700	c1.medium	Linux/UNIX
SPOTINSTANCEPRICE	0.062000	2011-05-04T16:19:03-0700	c1.medium	Linux/UNIX
SPOTINSTANCEPRICE	0.057000	2011-05-04T18:29:32-0700	c1.medium	Linux/UNIX
SPOTINSTANCEPRICE	0.062000	2011-05-04T19:59:45-0700	c1.medium	Linux/UNIX
SPOTINSTANCEPRICE	0.061000	2011-05-04T20:43:19-0700	c1.medium	Linux/UNIX
SPOTINSTANCEPRICE	0.062000	2011-05-04T21:14:26-0700	c1.medium	Linux/UNIX
SPOTINSTANCEPRICE	0.057000	2011-05-04T23:37:15-0700	c1.medium	Linux/UNIX
SPOTINSTANCEPRICE	0.062000	2011-05-05T01:47:32-0700	c1.medium	Linux/UNIX
SPOTINSTANCEPRICE	0.058000	2011-05-05T07:48:20-0700	c1.medium	Linux/UNIX
SPOTINSTANCEPRICE	0.057000	2011-05-05T08:53:18-0700	c1.medium	Linux/UNIX
SPOTINSTANCEPRICE	0.062000	2011-05-05T10:45:49-0700	c1.medium	Linux/UNIX
SPOTINSTANCEPRICE	0.059000	2011-05-05T15:05:57-0700	c1.medium	Linux/UNIX
SPOTINSTANCEPRICE	0.057000	2011-05-05T15:19:27-0700	c1.medium	Linux/UNIX
SPOTINSTANCEPRICE	0.060000	2011-05-05T15:46:10-0700	c1.medium	Linux/UNIX
SPOTINSTANCEPRICE	0.058000	2011-05-05T17:03:20-0700	c1.medium	Linux/UNIX
SPOTINSTANCEPRICE	0.062000	2011-05-05T17:47:43-0700	c1.medium	Linux/UNIX
SPOTINSTANCEPRICE	0.058000	2011-05-05T19:41:48-0700	c1.medium	Linux/UNIX
SPOTINSTANCEPRICE	0.057000	2011-05-05T23:23:18-0700	c1.medium	Linux/UNIX
SPOTINSTANCEPRICE	0.062000	2011-05-05T23:46:00-0700	c1.medium	Linux/UNIX
SPOTINSTANCEPRICE	0.060000	2011-05-06T05:46:12-0700	c1.medium	Linux/UNIX
SPOTINSTANCEPRICE	0.061000	2011-05-06T06:18:01-0700	c1.medium	Linux/UNIX
SPOTINSTANCEPRICE	0.060000	2011-05-06T07:25:58-0700	c1.medium	Linux/UNIX
SPOTINSTANCEPRICE	0.062000	2011-05-06T07:38:44-0700	c1.medium	Linux/UNIX
SPOTINSTANCEPRICE	0.059000	2011-05-06T07:56:54-0700	c1.medium	Linux/UNIX
SPOTINSTANCEPRICE	0.057000	2011-05-06T08:54:48-0700	c1.medium	Linux/UNIX
SPOTINSTANCEPRICE	0.059000	2011-05-06T10:36:30-0700	c1.medium	Linux/UNIX
SPOTINSTANCEPRICE	0.057000	2011-05-06T12:44:24-0700	c1.medium	Linux/UNIX
SPOTINSTANCEPRICE	0.063000	2011-05-06T13:49:42-0700	c1.medium	Linux/UNIX
SPOTINSTANCEPRICE	0.062000	2011-05-06T14:21:39-0700	c1.medium	Linux/UNIX
SPOTINSTANCEPRICE	0.058000	2011-05-06T16:39:50-0700	c1.medium	Linux/UNIX
SPOTINSTANCEPRICE	0.057000	2011-05-06T17:16:03-0700	c1.medium	Linux/UNIX
SPOTINSTANCEPRICE	0.058000	2011-05-06T18:37:52-0700	c1.medium	Linux/UNIX
SPOTINSTANCEPRICE	0.062000	2011-05-06T23:51:36-0700	c1.medium	Linux/UNIX
SPOTINSTANCEPRICE	0.057000	2011-05-07T00:18:34-0700	c1.medium	Linux/UNIX
SPOTINSTANCEPRICE	0.058000	2011-05-07T01:44:00-0700	c1.medium	Linux/UNIX
SPOTINSTANCEPRICE	0.062000	2011-05-07T02:42:24-0700	c1.medium	Linux/UNIX
SPOTINSTANCEPRICE	0.063000	2011-05-07T03:20:25-0700	c1.medium	Linux/UNIX
SPOTINSTANCEPRICE	0.058000	2011-05-07T04:45:20-0700	c1.medium	Linux/UNIX
SPOTINSTANCEPRICE	0.057000	2011-05-07T08:09:33-0700	c1.medium	Linux/UNIX
SPOTINSTANCEPRICE	0.061000	2011-05-07T10:04:36-0700	c1.medium	Linux/UNIX
SPOTINSTANCEPRICE	0.062000	2011-05-07T13:19:04-0700	c1.medium	Linux/UNIX
SPOTINSTANCEPRICE	0.061000	2011-05-07T14:02:58-0700	c1.medium	Linux/UNIX
SPOTINSTANCEPRICE	0.057000	2011-05-07T15:22:34-0700	c1.medium	Linux/UNIX
SPOTINSTANCEPRICE	0.063000	2011-05-07T15:30:29-0700	c1.medium	Linux/UNIX
SPOTINSTANCEPRICE	0.058000	2011-05-07T17:30:29-0700	c1.medium	Linux/UNIX
SPOTINSTANCEPRICE	0.063000	2011-05-07T18:43:30-0700	c1.medium	Linux/UNIX
SPOTINSTANCEPRICE	0.060000	2011-05-07T21:10:22-0700	c1.medium	Linux/UNIX
SPOTINSTANCEPRICE	0.061000	2011-05-07T23:03:33-0700	c1.medium	Linux/UNIX
SPOTINSTANCEPRICE	0.062000	2011-05-08T00:10:17-0700	c1.medium	Linux/UNIX
SPOTINSTANCEPRICE	0.061000	2011-05-08T01:18:17-0700	c1.medium	Linux/UNIX
SPOTINSTANCEPRICE	0.057000	2011-05-08T03:20:11-0700	c1.medium	Linux/UNIX
SPOTINSTANCEPRICE	0.062000	2011-05-08T04:20:17-0700	c1.medium	Linux/UNIX
SPOTINSTANCEPRICE	0.063000	2011-05-08T08:44:53-0700	c1.medium	Linux/UNIX
SPOTINSTANCEPRICE	0.057000	2011-05-08T11:25:38-0700	c1.medium	Linux/UNIX
SPOTINSTANCEPRICE	0.063000	2011-05-08T12:31:40-0700	c1.medium	Linux/UNIX
SPOTINSTANCEPRICE	0.062000	2011-05-08T13:19:33-0700	c1.medium	Linux/UNIX
SPOTINSTANCEPRICE	0.059000	2011-05-08T13:38:35-0700	c1.medium	Linux/UNIX
SPOTINSTANCEPRICE	0.061000	2011-05-09T00:05:09-0700	c1.medium	Linux/UNIX
SPOTINSTANCEPRICE	0.060000	2011-05-09T03:02:13-0700	c1.medium	Linux/UNIX
SPOTINSTANCEPRICE	0.062000	2011-05-09T04:26:41-0700	c1.medium	Linux/UNIX
SPOTINSTANCEPRICE	0.059000	2011-05-09T06:51:41-0700	c1.medium	Linux/UNIX
SPOTINSTANCEPRICE	0.061000	2011-05-09T08:32:36-0700	c1.medium	Linux/UNIX
SPOTINSTANCEPRICE	0.063000	2011-05-09T12:15:56-0700	c1.medium	Linux/UNIX
SPOTINSTANCEPRICE	0.058000	2011-05-09T13:29:58-0700	c1.medium	Linux/UNIX
SPOTINSTANCEPRICE	0.062000	2011-05-09T17:32:25-0700	c1.medium	Linux/UNIX
SPOTINSTANCEPRICE	0.058000	2011-05-09T20:10:34-0700	c1.medium	Linux/UNIX
SPOTINSTANCEPRICE	0.061000	2011-05-09T21:29:56-0700	c1.medium	Linux/UNIX
SPOTINSTANCEPRICE	0.058000	2011-05-09T21:54:07-0700	c1.medium	Linux/UNIX
SPOTINSTANCEPRICE	0.057000	2011-05-09T22:11:36-0700	c1.medium	Linux/UNIX
SPOTINSTANCEPRICE	0.059000	2011-05-09T22:37:10-0700	c1.medium	Linux/UNIX
SPOTINSTANCEPRICE	0.061000	2011-05-10T01:37:14-0700	c1.medium	Linux/UNIX
SPOTINSTANCEPRICE	0.058000	2011-05-10T02:35:13-0700	c1.medium	Linux/UNIX
SPOTINSTANCEPRICE	0.062000	2011-05-10T04:35:47-0700	c1.medium	Linux/UNIX
SPOTINSTANCEPRICE	0.059000	2011-05-10T04:53:03-0700	c1.medium	Linux/UNIX
SPOTINSTANCEPRICE	0.061000	2011-05-10T10:51:51-0700	c1.medium	Linux/UNIX
SPOTINSTANCEPRICE	0.058000	2011-05-10T12:17:26-0700	c1.medium	Linux/UNIX
SPOTINSTANCEPRICE	0.057000	2011-05-10T15:58:12-0700	c1.medium	Linux/UNIX
SPOTINSTANCEPRICE	0.062000	2011-05-10T16:45:20-0700	c1.medium	Linux/UNIX
SPOTINSTANCEPRICE	0.058000	2011-05-10T17:39:54-0700	c1.medium	Linux/UNIX
SPOTINSTANCEPRICE	0.061000	2011-05-10T20:20:11-0700	c1.medium	Linux/UNIX
SPOTINSTANCEPRICE	0.057000	2011-05-10T20:32:18-0700	c1.medium	Linux/UNIX
SPOTINSTANCEPRICE	0.058000	2011-05-10T22:00:00-0700	c1.medium	Linux/UNIX
SPOTINSTANCEPRICE	0.062000	2011-05-10T22:06:45-0700	c1.medium	Linux/UNIX
SPOTINSTANCEPRICE	0.057000	2011-05-10T23:08:07-0700	c1.medium	Linux/UNIX
SPOTINSTANCEPRICE	0.063000	2011-05-10T23:53:15-0700	c1.medium	Linux/UNIX
SPOTINSTANCEPRICE	0.061000	2011-05-11T00:29:42-0700	c1.medium	Linux/UNIX
SPOTINSTANCEPRICE	0.058000	2011-05-11T00:42:31-0700	c1.medium	Linux/UNIX
SPOTINSTANCEPRICE	0.057000	2011-05-11T00:59:38-0700	c1.medium	Linux/UNIX
SPOTINSTANCEPRICE	0.062000	2011-05-11T02:03:25-0700	c1.medium	Linux/UNIX
SPOTINSTANCEPRICE	0.058000	2011-05-11T03:24:23-0700	c1.medium	Linux/UNIX
SPOTINSTANCEPRICE	0.057000	2011-05-11T06:09:18-0700	c1.medium	Linux/UNIX
SPOTINSTANCEPRICE	0.058000	2011-05-11T07:25:43-0700	c1.medium	Linux/UNIX
SPOTINSTANCEPRICE	0.062000	2011-05-11T08:37:24-0700	c1.medium	Linux/UNIX
SPOTINSTANCEPRICE	0.058000	2011-05-11T09:07:51-0700	c1.medium	Linux/UNIX
SPOTINSTANCEPRICE	0.063000	2011-05-11T10:38:32-0700	c1.medium	Linux/UNIX
SPOTINSTANCEPRICE	0.060000	2011-05-11T11:46:09-0700	c1.medium	Linux/UNIX
SPOTINSTANCEPRICE	0.057000	2011-05-11T17:19:38-0700	c1.medium	Linux/UNIX
SPOTINSTANCEPRICE	0.058000	2011-05-11T19:02:21-0700	c1.medium	Linux/UNIX
SPOTINSTANCEPRICE	0.063000	2011-05-11T19:32:38-0700	c1.medium	Linux/UNIX
SPOTINSTANCEPRICE	0.061000	2011-05-11T19:57:54-0700	c1.medium	Linux/UNIX
SPOTINSTANCEPRICE	0.060000	2011-05-11T22:34:33-0700	c1.medium	Linux/UNIX
SPOTINSTANCEPRICE	0.057000	2011-05-11T22:56:21-0700	c1.medium	Linux/UNIX
SPOTINSTANCEPRICE	0.058000	2011-05-12T02:09:14-0700	c1.medium	Linux/UNIX
SPOTINSTANCEPRICE	0.063000	2011-05-12T02:31:37-0700	c1.medium	Linux/UNIX
SPOTINSTANCEPRICE	0.062000	2011-05-12T03:43:41-0700	c1.medium	Linux/UNIX
SPOTINSTANCEPRICE	0.058000	2011-05-12T07:11:49-0700	c1.medium	Linux/UNIX
SPOTINSTANCEPRICE	0.060000	2011-05-12T10:11:04-0700	c1.medium	Linux/UNIX
SPOTINSTANCEPRICE	0.062000	2011-05-12T13:28:47-0700	c1.medium	Linux/UNIX
SPOTINSTANCEPRICE	0.057000	2011-05-12T13:49:44-0700	c1.medium	Linux/UNIX
SPOTINSTANCEPRICE	0.058000	2011-05-12T16:56:52-0700	c1.medium	Linux/UNIX
SPOTINSTANCEPRICE	0.061000	2011-05-12T19:31:55-0700	c1.medium	Linux/UNIX
SPOTINSTANCEPRICE	0.062000	2011-05-12T19:54:53-0700	c1.medium	Linux/UNIX
SPOTINSTANCEPRICE	0.060000	2011-05-12T20:21:26-0700	c1.medium	Linux/UNIX
SPOTINSTANCEPRICE	0.058000	2011-05-12T23:22:40-0700	c1.medium	Linux/UNIX
SPOTINSTANCEPRICE	0.062000	2011-05-13T02:18:13-0700	c1.medium	Linux/UNIX
SPOTINSTANCEPRICE	0.057000	2011-05-13T02:30:41-0700	c1.medium	Linux/UNIX
SPOTINSTANCEPRICE	0.059000	2011-05-13T04:30:16-0700	c1.medium	Linux/UNIX
SPOTINSTANCEPRICE	0.061000	2011-05-13T05:54:33-0700	c1.medium	Linux/UNIX
SPOTINSTANCEPRICE	0.057000	2011-05-13T06:28:12-0700	c1.medium	Linux/UNIX
SPOTINSTANCEPRICE	0.062000	2011-05-13T06:53:13-0700	c1.medium	Linux/UNIX
SPOTINSTANCEPRICE	0.059000	2011-05-13T07:50:15-0700	c1.medium	Linux/UNIX
SPOTINSTANCEPRICE	0.061000	2011-05-13T08:31:52-0700	c1.medium	Linux/UNIX
SPOTINSTANCEPRICE	0.062000	2011-05-13T08:59:38-0700	c1.medium	Linux/UNIX
SPOTINSTANCEPRICE	0.063000	2011-05-13T09:33:26-0700	c1.medium	Linux/UNIX
SPOTINSTANCEPRICE	0.057000	2011-05-13T09:39:57-0700	c1.medium	Linux/UNIX
SPOTINSTANCEPRICE	0.062000	2011-05-13T10:06:46-0700	c1.medium	Linux/UNIX
SPOTINSTANCEPRICE	0.057000	2011-05-13T15:26:59-0700	c1.medium	Linux/UNIX
SPOTINSTANCEPRICE	0.059000	2011-05-13T18:17:29-0700	c1.medium	Linux/UNIX
SPOTINSTANCEPRICE	0.062000	2011-05-13T20:14:38-0700	c1.medium	Linux/UNIX
SPOTINSTANCEPRICE	0.057000	2011-05-13T20:25:50-0700	c1.medium	Linux/UNIX
SPOTINSTANCEPRICE	0.061000	2011-05-13T23:27:47-0700	c1.medium	Linux/UNIX
SPOTINSTANCEPRICE	0.062000	2011-05-14T02:25:00-0700	c1.medium	Linux/UNIX
SPOTINSTANCEPRICE	0.061000	2011-05-14T02:34:21-0700	c1.medium	Linux/UNIX
SPOTINSTANCEPRICE	0.063000	2011-05-14T02:44:24-0700	c1.medium	Linux/UNIX
SPOTINSTANCEPRICE	0.058000	2011-05-14T02:51:22-0700	c1.medium	Linux/UNIX
SPOTINSTANCEPRICE	0.057000	2011-05-14T04:23:23-0700	c1.medium	Linux/UNIX
SPOTINSTANCEPRICE	0.058000	2011-05-14T05:06:58-0700	c1.medium	Linux/UNIX
SPOTINSTANCEPRICE	0.061000	2011-05-14T05:42:43-0700	c1.medium	Linux/UNIX
SPOTINSTANCEPRICE	0.058000	2011-05-14T08:05:50-0700	c1.medium	Linux/UNIX
SPOTINSTANCEPRICE	0.061000	2011-05-14T09:24:55-0700	c1.medium	Linux/UNIX
SPOTINSTANCEPRICE	0.057000	2011-05-14T16:41:03-0700	c1.medium	Linux/UNIX
SPOTINSTANCEPRICE	0.060000	2011-05-14T17:48:30-0700	c1.medium	Linux/UNIX
SPOTINSTANCEPRICE	0.062000	2011-05-14T17:59:51-0700	c1.medium	Linux/UNIX
SPOTINSTANCEPRICE	0.061000	2011-05-14T19:18:00-0700	c1.medium	Linux/UNIX
SPOTINSTANCEPRICE	0.063000	2011-05-14T20:06:04-0700	c1.medium	Linux/UNIX
SPOTINSTANCEPRICE	0.061000	2011-05-14T20:31:06-0700	c1.medium	Linux/UNIX
SPOTINSTANCEPRICE	0.060000	2011-05-14T22:59:04-0700	c1.medium	Linux/UNIX
SPOTINSTANCEPRICE	0.063000	2011-05-15T03:26:45-0700	c1.medium	Linux/UNIX
SPOTINSTANCEPRICE	0.057000	2011-05-15T04:36:36-0700	c1.medium	Linux/UNIX
SPOTINSTANCEPRICE	0.062000	2011-05-15T06:44:08-0700	c1.medium	Linux/UNIX
SPOTINSTANCEPRICE	0.063000	2011-05-15T11:09:19-0700	c1.medium	Linux/UNIX
SPOTINSTANCEPRICE	0.058000	2011-05-15T12:52:01-0700	c1.medium	Linux/UNIX
SPOTINSTANCEPRICE	0.062000	2011-05-15T14:04:06-0700	c1.medium	Linux/UNIX
SPOTINSTANCEPRICE	0.060000	2011-05-15T14:50:35-0700	c1.medium	Linux/UNIX
SPOTINSTANCEPRICE	0.058000	2011-05-15T15:03:17-0700	c1.medium	Linux/UNIX
SPOTINSTANCEPRICE	0.062000	2011-05-16T01:49:45-0700	c1.medium	Linux/UNIX
SPOTINSTANCEPRICE	0.058000	2011-05-16T02:43:10-0700	c1.medium	Linux/UNIX
SPOTINSTANCEPRICE	0.062000	2011-05-16T04:59:10-0700	c1.medium	Linux/UNIX
SPOTINSTANCEPRICE	0.058000	2011-05-16T05:19:27-0700	c1.medium	Linux/UNIX
SPOTINSTANCEPRICE	0.057000	2011-05-16T05:52:41-0700	c1.medium	Linux/UNIX
SPOTINSTANCEPRICE	0.059000	2011-05-16T13:59:36-0700	c1.medium	Linux/UNIX
SPOTINSTANCEPRICE	0.062000	2011-05-16T15:33:34-0700	c1.medium	Linux/UNIX
SPOTINSTANCEPRICE	0.058000	2011-05-16T21:04:14-0700	c1.medium	Linux/UNIX
SPOTINSTANCEPRICE	0.063000	2011-05-16T21:42:39-0700	c1.medium	Linux/UNIX
SPOTINSTANCEPRICE	0.060000	2011-05-17T00:45:22-0700	c1.medium	Linux/UNIX
SPOTINSTANCEPRICE	0.059000	2011-05-17T03:42:16-0700	c1.medium	Linux/UNIX
SPOTINSTANCEPRICE	0.062000	2011-05-17T05:41:28-0700	c1.medium	Linux/UNIX
SPOTINSTANCEPRICE	0.058000	2011-05-17T05:53:40-0700	c1.medium	Linux/UNIX
SPOTINSTANCEPRICE	0.061000	2011-05-17T06:42:28-0700	c1.medium	Linux/UNIX
SPOTINSTANCEPRICE	0.062000	2011-05-17T08:48:24-0700	c1.medium	Linux/UNIX
SPOTINSTANCEPRICE	0.057000	2011-05-17T08:54:14-0700	c1.medium	Linux/UNIX
SPOTINSTANCEPRICE	0.062000	2011-05-17T16:34:45-0700	c1.medium	Linux/UNIX
SPOTINSTANCEPRICE	0.059000	2011-05-17T18:05:09-0700	c1.medium	Linux/UNIX
SPOTINSTANCEPRICE	0.061000	2011-05-17T20:10:19-0700	c1.medium	Linux/UNIX
SPOTINSTANCEPRICE	0.057000	2011-05-17T20:46:07-0700	c1.medium	Linux/UNIX
SPOTINSTANCEPRICE	0.062000	2011-05-18T00:50:26-0700	c1.medium	Linux/UNIX
SPOTINSTANCEPRICE	0.063000	2011-05-18T01:53:26-0700	c1.medium	Linux/UNIX
SPOTINSTANCEPRICE	0.057000	2011-05-18T02:03:07-0700	c1.medium	Linux/UNIX
SPOTINSTANCEPRICE	0.061000	2011-05-18T03:07:44-0700	c1.medium	Linux/UNIX
SPOTINSTANCEPRICE	0.063000	2011-05-18T05:42:49-0700	c1.medium	Linux/UNIX
SPOTINSTANCEPRICE	0.070000	2011-05-18T06:02:04-0700	c1.medium	Linux/UNIX
SPOTINSTANCEPRICE	0.064000	2011-05-18T06:10:08-0700	c1.medium	Linux/UNIX
SPOTINSTANCEPRICE	0.070000	2011-05-18T06:16:44-0700	c1.medium	Linux/UNIX
SPOTINSTANCEPRICE	0.075000	2011-05-18T06:23:16-0700	c1.medium	Linux/UNIX
SPOTINSTANCEPRICE	0.070000	2011-05-18T06:30:23-0700	c1.medium	Linux/UNIX
SPOTINSTANCEPRICE	0.080000	2011-05-18T06:36:11-0700	c1.medium	Linux/UNIX
SPOTINSTANCEPRICE	0.070000	2011-05-18T06:42:37-0700	c1.medium	Linux/UNIX
SPOTINSTANCEPRICE	0.080000	2011-05-18T07:01:35-0700	c1.medium	Linux/UNIX
SPOTINSTANCEPRICE	0.083000	2011-05-18T07:08:04-0700	c1.medium	Linux/UNIX
SPOTINSTANCEPRICE	0.085000	2011-05-18T07:14:31-0700	c1.medium	Linux/UNIX
SPOTINSTANCEPRICE	0.090000	2011-05-18T07:21:07-0700	c1.medium	Linux/UNIX
SPOTINSTANCEPRICE	0.100000	2011-05-18T07:26:19-0700	c1.medium	Linux/UNIX
SPOTINSTANCEPRICE	0.115000	2011-05-18T14:50:12-0700	c1.medium	Linux/UNIX
SPOTINSTANCEPRICE	0.100000	2011-05-18T14:56:59-0700	c1.medium	Linux/UNIX
SPOTINSTANCEPRICE	0.115000	2011-05-18T15:54:04-0700	c1.medium	Linux/UNIX
SPOTINSTANCEPRICE	0.100000	2011-05-18T16:00:50-0700	c1.medium	Linux/UNIX
SPOTINSTANCEPRICE	0.120000	2011-05-18T16:06:05-0700	c1.medium	Linux/UNIX
SPOTINSTANCEPRICE	0.100000	2011-05-18T16:52:09-0700	c1.medium	Linux/UNIX
SPOTINSTANCEPRICE	0.120000	2011-05-18T16:57:53-0700	c1.medium	Linux/UNIX
SPOTINSTANCEPRICE	0.100000	2011-05-18T17:53:49-0700	c1.medium	Linux/UNIX
SPOTINSTANCEPRICE	0.060000	2011-05-18T18:04:14-0700	c1.medium	Linux/UNIX
SPOTINSTANCEPRICE	0.058000	2011-05-18T18:24:12-0700	c1.medium	Linux/UNIX
SPOTINSTANCEPRICE	0.063000	2011-05-18T18:38:17-0700	c1.medium	Linux/UNIX
SPOTINSTANCEPRICE	0.058000	2011-05-19T00:38:14-0700	c1.medium	Linux/UNIX
SPOTINSTANCEPRICE	0.062000	2011-05-19T00:59:52-0700	c1.medium	Linux/UNIX
SPOTINSTANCEPRICE	0.058000	2011-05-19T03:17:01-0700	c1.medium	Linux/UNIX
SPOTINSTANCEPRICE	0.075000	2011-05-19T04:00:33-0700	c1.medium	Linux/UNIX
SPOTINSTANCEPRICE	0.070000	2011-05-19T04:06:25-0700	c1.medium	Linux/UNIX
SPOTINSTANCEPRICE	0.100000	2011-05-19T04:12:15-0700	c1.medium	Linux/UNIX
SPOTINSTANCEPRICE	0.090000	2011-05-19T05:00:46-0700	c1.medium	Linux/UNIX
SPOTINSTANCEPRICE	0.100000	2011-05-19T05:20:40-0700	c1.medium	Linux/UNIX
SPOTINSTANCEPRICE	0.120000	2011-05-19T16:14:34-0700	c1.medium	Linux/UNIX
SPOTINSTANCEPRICE	0.060000	2011-05-20T14:24:37-0700	c1.medium	Linux/UNIX
SPOTINSTANCEPRICE	0.061000	2011-05-20T15:06:46-0700	c1.medium	Linux/UNIX
SPOTINSTANCEPRICE	0.058000	2011-05-20T15:29:43-0700	c1.medium	Linux/UNIX
SPOTINSTANCEPRICE	0.063000	2011-05-20T16:22:50-0700	c1.medium	Linux/UNIX
SPOTINSTANCEPRICE	0.059000	2011-05-20T16:51:02-0700	c1.medium	Linux/UNIX
SPOTINSTANCEPRICE	0.057000	2011-05-21T02:13:21-0700	c1.medium	Linux/UNIX
SPOTINSTANCEPRICE	0.062000	2011-05-21T02:22:07-0700	c1.medium	Linux/UNIX
SPOTINSTANCEPRICE	0.061000	2011-05-21T04:15:42-0700	c1.medium	Linux/UNIX
SPOTINSTANCEPRICE	0.057000	2011-05-21T05:31:02-0700	c1.medium	Linux/UNIX
SPOTINSTANCEPRICE	0.061000	2011-05-21T06:27:28-0700	c1.medium	Linux/UNIX
SPOTINSTANCEPRICE	0.059000	2011-05-21T09:50:37-0700	c1.medium	Linux/UNIX
SPOTINSTANCEPRICE	0.061000	2011-05-21T12:32:11-0700	c1.medium	Linux/UNIX
SPOTINSTANCEPRICE	0.059000	2011-05-21T13:07:29-0700	c1.medium	Linux/UNIX
SPOTINSTANCEPRICE	0.061000	2011-05-21T13:49:38-0700	c1.medium	Linux/UNIX
SPOTINSTANCEPRICE	0.062000	2011-05-21T15:23:49-0700	c1.medium	Linux/UNIX
SPOTINSTANCEPRICE	0.060000	2011-05-21T16:39:23-0700	c1.medium	Linux/UNIX
SPOTINSTANCEPRICE	0.057000	2011-05-21T17:48:46-0700	c1.medium	Linux/UNIX
SPOTINSTANCEPRICE	0.058000	2011-05-21T19:56:18-0700	c1.medium	Linux/UNIX
SPOTINSTANCEPRICE	0.063000	2011-05-21T20:59:09-0700	c1.medium	Linux/UNIX
SPOTINSTANCEPRICE	0.062000	2011-05-22T03:11:57-0700	c1.medium	Linux/UNIX
SPOTINSTANCEPRICE	0.057000	2011-05-22T03:37:35-0700	c1.medium	Linux/UNIX
SPOTINSTANCEPRICE	0.063000	2011-05-22T06:29:35-0700	c1.medium	Linux/UNIX
SPOTINSTANCEPRICE	0.062000	2011-05-22T06:43:17-0700	c1.medium	Linux/UNIX
SPOTINSTANCEPRICE	0.063000	2011-05-22T09:48:04-0700	c1.medium	Linux/UNIX
SPOTINSTANCEPRICE	0.057000	2011-05-22T10:27:33-0700	c1.medium	Linux/UNIX
SPOTINSTANCEPRICE	0.059000	2011-05-22T10:52:21-0700	c1.medium	Linux/UNIX
SPOTINSTANCEPRICE	0.061000	2011-05-22T13:59:16-0700	c1.medium	Linux/UNIX
SPOTINSTANCEPRICE	0.062000	2011-05-22T15:10:42-0700	c1.medium	Linux/UNIX
SPOTINSTANCEPRICE	0.059000	2011-05-22T17:59:01-0700	c1.medium	Linux/UNIX
SPOTINSTANCEPRICE	0.062000	2011-05-22T18:38:27-0700	c1.medium	Linux/UNIX
SPOTINSTANCEPRICE	0.057000	2011-05-22T22:07:01-0700	c1.medium	Linux/UNIX
SPOTINSTANCEPRICE	0.063000	2011-05-23T01:24:14-0700	c1.medium	Linux/UNIX
SPOTINSTANCEPRICE	0.057000	2011-05-23T02:29:47-0700	c1.medium	Linux/UNIX
SPOTINSTANCEPRICE	0.061000	2011-05-23T06:57:24-0700	c1.medium	Linux/UNIX
SPOTINSTANCEPRICE	0.059000	2011-05-23T08:34:21-0700	c1.medium	Linux/UNIX
SPOTINSTANCEPRICE	0.057000	2011-05-23T10:56:12-0700	c1.medium	Linux/UNIX
SPOTINSTANCEPRICE	0.063000	2011-05-24T00:01:25-0700	c1.medium	Linux/UNIX
SPOTINSTANCEPRICE	0.062000	2011-05-24T00:34:32-0700	c1.medium	Linux/UNIX
SPOTINSTANCEPRICE	0.061000	2011-05-24T02:53:01-0700	c1.medium	Linux/UNIX
SPOTINSTANCEPRICE	0.062000	2011-05-24T03:23:14-0700	c1.medium	Linux/UNIX
SPOTINSTANCEPRICE	0.057000	2011-05-24T03:31:01-0700	c1.medium	Linux/UNIX
SPOTINSTANCEPRICE	0.063000	2011-05-24T04:37:01-0700	c1.medium	Linux/UNIX
SPOTINSTANCEPRICE	0.062000	2011-05-24T08:39:58-0700	c1.medium	Linux/UNIX
SPOTINSTANCEPRICE	0.058000	2011-05-24T09:29:41-0700	c1.medium	Linux/UNIX
SPOTINSTANCEPRICE	0.062000	2011-05-24T10:55:28-0700	c1.medium	Linux/UNIX
SPOTINSTANCEPRICE	0.059000	2011-05-24T13:57:01-0700	c1.medium	Linux/UNIX
SPOTINSTANCEPRICE	0.061000	2011-05-24T14:39:56-0700	c1.medium	Linux/UNIX
SPOTINSTANCEPRICE	0.058000	2011-05-24T16:58:37-0700	c1.medium	Linux/UNIX
SPOTINSTANCEPRICE	0.062000	2011-05-24T18:29:02-0700	c1.medium	Linux/UNIX
SPOTINSTANCEPRICE	0.061000	2011-05-24T19:27:11-0700	c1.medium	Linux/UNIX
SPOTINSTANCEPRICE	0.058000	2011-05-24T21:10:39-0700	c1.medium	Linux/UNIX
SPOTINSTANCEPRICE	0.061000	2011-05-24T22:38:15-0700	c1.medium	Linux/UNIX
SPOTINSTANCEPRICE	0.059000	2011-05-24T23:51:41-0700	c1.medium	Linux/UNIX
SPOTINSTANCEPRICE	0.061000	2011-05-25T05:03:30-0700	c1.medium	Linux/UNIX
SPOTINSTANCEPRICE	0.062000	2011-05-25T05:25:09-0700	c1.medium	Linux/UNIX
SPOTINSTANCEPRICE	0.060000	2011-05-25T06:25:59-0700	c1.medium	Linux/UNIX
SPOTINSTANCEPRICE	0.059000	2011-05-25T06:39:22-0700	c1.medium	Linux/UNIX
SPOTINSTANCEPRICE	0.057000	2011-05-25T06:47:23-0700	c1.medium	Linux/UNIX
SPOTINSTANCEPRICE	0.061000	2011-05-25T09:47:20-0700	c1.medium	Linux/UNIX
SPOTINSTANCEPRICE	0.057000	2011-05-25T11:18:22-0700	c1.medium	Linux/UNIX
SPOTINSTANCEPRICE	0.062000	2011-05-25T12:39:02-0700	c1.medium	Linux/UNIX
SPOTINSTANCEPRICE	0.061000	2011-05-25T17:18:18-0700	c1.medium	Linux/UNIX
SPOTINSTANCEPRICE	0.058000	2011-05-25T17:45:56-0700	c1.medium	Linux/UNIX
SPOTINSTANCEPRICE	0.063000	2011-05-26T03:19:17-0700	c1.medium	Linux/UNIX
SPOTINSTANCEPRICE	0.062000	2011-05-26T04:20:06-0700	c1.medium	Linux/UNIX
SPOTINSTANCEPRICE	0.063000	2011-05-26T09:28:55-0700	c1.medium	Linux/UNIX
SPOTINSTANCEPRICE	0.057000	2011-05-26T14:04:30-0700	c1.medium	Linux/UNIX
SPOTINSTANCEPRICE	0.058000	2011-05-26T15:19:15-0700	c1.medium	Linux/UNIX
SPOTINSTANCEPRICE	0.057000	2011-05-26T17:43:09-0700	c1.medium	Linux/UNIX
SPOTINSTANCEPRICE	0.058000	2011-05-26T22:31:37-0700	c1.medium	Linux/UNIX
SPOTINSTANCEPRICE	0.057000	2011-05-27T02:32:05-0700	c1.medium	Linux/UNIX
SPOTINSTANCEPRICE	0.058000	2011-05-27T02:52:23-0700	c1.medium	Linux/UNIX
SPOTINSTANCEPRICE	0.062000	2011-05-27T03:29:44-0700	c1.medium	Linux/UNIX
SPOTINSTANCEPRICE	0.061000	2011-05-27T04:23:05-0700	c1.medium	Linux/UNIX
SPOTINSTANCEPRICE	0.058000	2011-05-27T06:19:01-0700	c1.medium	Linux/UNIX
SPOTINSTANCEPRICE	0.060000	2011-05-27T06:58:44-0700	c1.medium	Linux/UNIX
SPOTINSTANCEPRICE	0.062000	2011-05-27T07:10:28-0700	c1.medium	Linux/UNIX
SPOTINSTANCEPRICE	0.063000	2011-05-27T08:02:15-0700	c1.medium	Linux/UNIX
SPOTINSTANCEPRICE	0.058000	2011-05-27T08:50:19-0700	c1.medium	Linux/UNIX
SPOTINSTANCEPRICE	0.062000	2011-05-27T12:40:20-0700	c1.medium	Linux/UNIX
SPOTINSTANCEPRICE	0.058000	2011-05-27T14:34:04-0700	c1.medium	Linux/UNIX
SPOTINSTANCEPRICE	0.062000	2011-05-27T18:40:58-0700	c1.medium	Linux/UNIX
SPOTINSTANCEPRICE	0.058000	2011-05-27T19:09:28-0700	c1.medium	Linux/UNIX
SPOTINSTANCEPRICE	0.062000	2011-05-27T22:42:14-0700	c1.medium	Linux/UNIX
SPOTINSTANCEPRICE	0.061000	2011-05-27T22:55:14-0700	c1.medium	Linux/UNIX
SPOTINSTANCEPRICE	0.063000	2011-05-28T00:57:30-0700	c1.medium	Linux/UNIX
SPOTINSTANCEPRICE	0.061000	2011-05-28T02:33:55-0700	c1.medium	Linux/UNIX
SPOTINSTANCEPRICE	0.062000	2011-05-28T03:13:20-0700	c1.medium	Linux/UNIX
SPOTINSTANCEPRICE	0.058000	2011-05-28T03:42:01-0700	c1.medium	Linux/UNIX
SPOTINSTANCEPRICE	0.063000	2011-05-28T05:16:36-0700	c1.medium	Linux/UNIX
SPOTINSTANCEPRICE	0.058000	2011-05-28T05:28:17-0700	c1.medium	Linux/UNIX
SPOTINSTANCEPRICE	0.060000	2011-05-28T08:45:52-0700	c1.medium	Linux/UNIX
SPOTINSTANCEPRICE	0.061000	2011-05-28T10:09:08-0700	c1.medium	Linux/UNIX
SPOTINSTANCEPRICE	0.058000	2011-05-28T10:20:29-0700	c1.medium	Linux/UNIX
SPOTINSTANCEPRICE	0.062000	2011-05-28T12:11:44-0700	c1.medium	Linux/UNIX
SPOTINSTANCEPRICE	0.059000	2011-05-28T17:42:05-0700	c1.medium	Linux/UNIX
SPOTINSTANCEPRICE	0.063000	2011-05-28T19:27:44-0700	c1.medium	Linux/UNIX
SPOTINSTANCEPRICE	0.058000	2011-05-29T02:19:36-0700	c1.medium	Linux/UNIX
SPOTINSTANCEPRICE	0.060000	2011-05-29T03:12:01-0700	c1.medium	Linux/UNIX
SPOTINSTANCEPRICE	0.058000	2011-05-29T03:44:47-0700	c1.medium	Linux/UNIX
SPOTINSTANCEPRICE	0.062000	2011-05-29T04:59:40-0700	c1.medium	Linux/UNIX
SPOTINSTANCEPRICE	0.058000	2011-05-29T06:26:40-0700	c1.medium	Linux/UNIX
SPOTINSTANCEPRICE	0.062000	2011-05-29T07:56:45-0700	c1.medium	Linux/UNIX
SPOTINSTANCEPRICE	0.058000	2011-05-29T09:02:05-0700	c1.medium	Linux/UNIX
SPOTINSTANCEPRICE	0.061000	2011-05-29T09:08:00-0700	c1.medium	Linux/UNIX
SPOTINSTANCEPRICE	0.060000	2011-05-29T09:38:06-0700	c1.medium	Linux/UNIX
SPOTINSTANCEPRICE	0.061000	2011-05-29T12:03:42-0700	c1.medium	Linux/UNIX
SPOTINSTANCEPRICE	0.057000	2011-05-29T19:18:43-0700	c1.medium	Linux/UNIX
SPOTINSTANCEPRICE	0.059000	2011-05-29T19:36:09-0700	c1.medium	Linux/UNIX
SPOTINSTANCEPRICE	0.060000	2011-05-29T21:02:09-0700	c1.medium	Linux/UNIX
SPOTINSTANCEPRICE	0.058000	2011-05-29T23:01:32-0700	c1.medium	Linux/UNIX
SPOTINSTANCEPRICE	0.063000	2011-05-30T00:12:41-0700	c1.medium	Linux/UNIX
SPOTINSTANCEPRICE	0.057000	2011-05-30T01:59:10-0700	c1.medium	Linux/UNIX
SPOTINSTANCEPRICE	0.062000	2011-05-30T03:57:46-0700	c1.medium	Linux/UNIX
SPOTINSTANCEPRICE	0.059000	2011-05-30T05:37:07-0700	c1.medium	Linux/UNIX
SPOTINSTANCEPRICE	0.062000	2011-05-30T06:31:16-0700	c1.medium	Linux/UNIX
SPOTINSTANCEPRICE	0.059000	2011-05-30T06:45:39-0700	c1.medium	Linux/UNIX
SPOTINSTANCEPRICE	0.061000	2011-05-30T07:40:28-0700	c1.medium	Linux/UNIX
SPOTINSTANCEPRICE	0.060000	2011-05-30T09:43:40-0700	c1.medium	Linux/UNIX
SPOTINSTANCEPRICE	0.061000	2011-05-30T11:31:59-0700	c1.medium	Linux/UNIX
SPOTINSTANCEPRICE	0.062000	2011-05-30T11:51:52-0700	c1.medium	Linux/UNIX
SPOTINSTANCEPRICE	0.061000	2011-05-30T15:33:55-0700	c1.medium	Linux/UNIX
SPOTINSTANCEPRICE	0.058000	2011-05-30T16:51:20-0700	c1.medium	Linux/UNIX
SPOTINSTANCEPRICE	0.061000	2011-05-30T17:56:16-0700	c1.medium	Linux/UNIX
SPOTINSTANCEPRICE	0.057000	2011-05-30T18:49:06-0700	c1.medium	Linux/UNIX
SPOTINSTANCEPRICE	0.059000	2011-05-30T19:57:04-0700	c1.medium	Linux/UNIX
SPOTINSTANCEPRICE	0.063000	2011-05-30T20:12:50-0700	c1.medium	Linux/UNIX
SPOTINSTANCEPRICE	0.058000	2011-05-30T21:43:55-0700	c1.medium	Linux/UNIX
SPOTINSTANCEPRICE	0.062000	2011-05-31T00:53:17-0700	c1.medium	Linux/UNIX
SPOTINSTANCEPRICE	0.063000	2011-05-31T04:27:07-0700	c1.medium	Linux/UNIX
SPOTINSTANCEPRICE	0.061000	2011-05-31T04:39:44-0700	c1.medium	Linux/UNIX
SPOTINSTANCEPRICE	0.058000	2011-05-31T05:20:27-0700	c1.medium	Linux/UNIX
SPOTINSTANCEPRICE	0.057000	2011-05-31T06:34:50-0700	c1.medium	Linux/UNIX
SPOTINSTANCEPRICE	0.058000	2011-05-31T10:34:37-0700	c1.medium	Linux/UNIX
SPOTINSTANCEPRICE	0.060000	2011-05-31T13:24:51-0700	c1.medium	Linux/UNIX
SPOTINSTANCEPRICE	0.061000	2011-05-31T15:24:08-0700	c1.medium	Linux/UNIX
SPOTINSTANCEPRICE	0.060000	2011-05-31T22:33:16-0700	c1.medium	Linux/UNIX
SPOTINSTANCEPRICE	0.062000	2011-05-31T22:58:53-0700	c1.medium	Linux/UNIX
SPOTINSTANCEPRICE	0.061000	2011-06-01T01:00:29-0700	c1.medium	Linux/UNIX
SPOTINSTANCEPRICE	0.058000	2011-06-01T03:09:03-0700	c1.medium	Linux/UNIX
SPOTINSTANCEPRICE	0.061000	2011-06-01T03:14:39-0700	c1.medium	Linux/UNIX
SPOTINSTANCEPRICE	0.058000	2011-06-01T05:58:22-0700	c1.medium	Linux/UNIX
SPOTINSTANCEPRICE	0.060000	2011-06-01T07:16:03-0700	c1.medium	Linux/UNIX
SPOTINSTANCEPRICE	0.062000	2011-06-01T07:49:54-0700	c1.medium	Linux/UNIX
SPOTINSTANCEPRICE	0.058000	2011-06-01T08:28:05-0700	c1.medium	Linux/UNIX
SPOTINSTANCEPRICE	0.063000	2011-06-01T09:41:45-0700	c1.medium	Linux/UNIX
SPOTINSTANCEPRICE	0.057000	2011-06-01T11:07:16-0700	c1.medium	Linux/UNIX
SPOTINSTANCEPRICE	0.058000	2011-06-01T11:19:41-0700	c1.medium	Linux/UNIX
SPOTINSTANCEPRICE	0.062000	2011-06-01T13:40:27-0700	c1.medium	Linux/UNIX
SPOTINSTANCEPRICE	0.058000	2011-06-01T14:06:25-0700	c1.medium	Linux/UNIX
SPOTINSTANCEPRICE	0.061000	2011-06-01T17:51:43-0700	c1.medium	Linux/UNIX
SPOTINSTANCEPRICE	0.063000	2011-06-01T18:13:16-0700	c1.medium	Linux/UNIX
SPOTINSTANCEPRICE	0.057000	2011-06-01T20:59:33-0700	c1.medium	Linux/UNIX
SPOTINSTANCEPRICE	0.063000	2011-06-02T00:43:50-0700	c1.medium	Linux/UNIX
SPOTINSTANCEPRICE	0.058000	2011-06-02T01:08:03-0700	c1.medium	Linux/UNIX
SPOTINSTANCEPRICE	0.063000	2011-06-02T02:52:30-0700	c1.medium	Linux/UNIX
SPOTINSTANCEPRICE	0.059000	2011-06-02T03:26:24-0700	c1.medium	Linux/UNIX
SPOTINSTANCEPRICE	0.061000	2011-06-02T07:32:09-0700	c1.medium	Linux/UNIX
SPOTINSTANCEPRICE	0.062000	2011-06-02T07:48:15-0700	c1.medium	Linux/UNIX
SPOTINSTANCEPRICE	0.063000	2011-06-02T09:44:52-0700	c1.medium	Linux/UNIX
SPOTINSTANCEPRICE	0.058000	2011-06-02T10:16:17-0700	c1.medium	Linux/UNIX
SPOTINSTANCEPRICE	0.062000	2011-06-02T11:38:00-0700	c1.medium	Linux/UNIX
SPOTINSTANCEPRICE	0.060000	2011-06-02T13:17:42-0700	c1.medium	Linux/UNIX
SPOTINSTANCEPRICE	0.057000	2011-06-02T13:52:15-0700	c1.medium	Linux/UNIX
SPOTINSTANCEPRICE	0.061000	2011-06-02T15:00:55-0700	c1.medium	Linux/UNIX
SPOTINSTANCEPRICE	0.062000	2011-06-02T15:38:18-0700	c1.medium	Linux/UNIX
SPOTINSTANCEPRICE	0.057000	2011-06-02T18:13:12-0700	c1.medium	Linux/UNIX
SPOTINSTANCEPRICE	0.058000	2011-06-02T20:58:05-0700	c1.medium	Linux/UNIX
SPOTINSTANCEPRICE	0.062000	2011-06-02T21:35:48-0700	c1.medium	Linux/UNIX
SPOTINSTANCEPRICE	0.063000	2011-06-02T22:00:23-0700	c1.medium	Linux/UNIX
SPOTINSTANCEPRICE	0.057000	2011-06-02T23:10:34-0700	c1.medium	Linux/UNIX
SPOTINSTANCEPRICE	0.061000	2011-06-02T23:40:51-0700	c1.medium	Linux/UNIX
SPOTINSTANCEPRICE	0.060000	2011-06-03T00:27:55-0700	c1.medium	Linux/UNIX
SPOTINSTANCEPRICE	0.058000	2011-06-03T01:12:39-0700	c1.medium	Linux/UNIX
SPOTINSTANCEPRICE	0.062000	2011-06-03T02:40:25-0700	c1.medium	Linux/UNIX
SPOTINSTANCEPRICE	0.058000	2011-06-03T05:24:52-0700	c1.medium	Linux/UNIX
SPOTINSTANCEPRICE	0.061000	2011-06-03T10:44:14-0700	c1.medium	Linux/UNIX
SPOTINSTANCEPRICE	0.063000	2011-06-03T12:55:04-0700	c1.medium	Linux/UNIX
SPOTINSTANCEPRICE	0.062000	2011-06-03T13:19:35-0700	c1.medium	Linux/UNIX
SPOTINSTANCEPRICE	0.063000	2011-06-03T15:54:41-0700	c1.medium	Linux/UNIX
SPOTINSTANCEPRICE	0.061000	2011-06-03T19:04:49-0700	c1.medium	Linux/UNIX
SPOTINSTANCEPRICE	0.058000	2011-06-03T19:22:03-0700	c1.medium	Linux/UNIX
SPOTINSTANCEPRICE	0.062000	2011-06-03T20:30:12-0700	c1.medium	Linux/UNIX
SPOTINSTANCEPRICE	0.061000	2011-06-04T00:38:43-0700	c1.medium	Linux/UNIX
SPOTINSTANCEPRICE	0.057000	2011-06-04T02:27:50-0700	c1.medium	Linux/UNIX
SPOTINSTANCEPRICE	0.062000	2011-06-04T03:55:25-0700	c1.medium	Linux/UNIX
SPOTINSTANCEPRICE	0.063000	2011-06-04T06:02:46-0700	c1.medium	Linux/UNIX
SPOTINSTANCEPRICE	0.057000	2011-06-04T06:09:58-0700	c1.medium	Linux/UNIX
SPOTINSTANCEPRICE	0.059000	2011-06-04T10:12:18-0700	c1.medium	Linux/UNIX
SPOTINSTANCEPRICE	0.060000	2011-06-04T10:39:06-0700	c1.medium	Linux/UNIX
SPOTINSTANCEPRICE	0.061000	2011-06-04T10:54:23-0700	c1.medium	Linux/UNIX
SPOTINSTANCEPRICE	0.057000	2011-06-04T14:12:48-0700	c1.medium	Linux/UNIX
SPOTINSTANCEPRICE	0.059000	2011-06-04T17:09:58-0700	c1.medium	Linux/UNIX
SPOTINSTANCEPRICE	0.062000	2011-06-04T18:30:36-0700	c1.medium	Linux/UNIX
SPOTINSTANCEPRICE	0.061000	2011-06-04T19:31:34-0700	c1.medium	Linux/UNIX
SPOTINSTANCEPRICE	0.058000	2011-06-04T19:38:37-0700	c1.medium	Linux/UNIX
SPOTINSTANCEPRICE	0.062000	2011-06-04T20:18:24-0700	c1.medium	Linux/UNIX
SPOTINSTANCEPRICE	0.060000	2011-06-04T22:50:40-0700	c1.medium	Linux/UNIX
SPOTINSTANCEPRICE	0.057000	2011-06-04T23:31:24-0700	c1.medium	Linux/UNIX
SPOTINSTANCEPRICE	0.058000	2011-06-05T01:36:36-0700	c1.medium	Linux/UNIX
SPOTINSTANCEPRICE	0.061000	2011-06-05T03:05:43-0700	c1.medium	Linux/UNIX
SPOTINSTANCEPRICE	0.062000	2011-06-05T06:04:29-0700	c1.medium	Linux/UNIX
SPOTINSTANCEPRICE	0.058000	2011-06-05T06:27:14-0700	c1.medium	Linux/UNIX
SPOTINSTANCEPRICE	0.061000	2011-06-05T07:39:31-0700	c1.medium	Linux/UNIX
SPOTINSTANCEPRICE	0.059000	2011-06-05T08:10:35-0700	c1.medium	Linux/UNIX
SPOTINSTANCEPRICE	0.062000	2011-06-05T11:31:07-0700	c1.medium	Linux/UNIX
SPOTINSTANCEPRICE	0.060000	2011-06-05T13:59:38-0700	c1.medium	Linux/UNIX
SPOTINSTANCEPRICE	0.061000	2011-06-05T14:08:14-0700	c1.medium	Linux/UNIX
SPOTINSTANCEPRICE	0.059000	2011-06-05T15:23:43-0700	c1.medium	Linux/UNIX
SPOTINSTANCEPRICE	0.063000	2011-06-05T16:26:06-0700	c1.medium	Linux/UNIX
SPOTINSTANCEPRICE	0.058000	2011-06-05T19:34:17-0700	c1.medium	Linux/UNIX
SPOTINSTANCEPRICE	0.061000	2011-06-06T01:08:32-0700	c1.medium	Linux/UNIX
SPOTINSTANCEPRICE	0.060000	2011-06-06T01:15:27-0700	c1.medium	Linux/UNIX
SPOTINSTANCEPRICE	0.057000	2011-06-06T01:44:47-0700	c1.medium	Linux/UNIX
SPOTINSTANCEPRICE	0.058000	2011-06-06T03:00:50-0700	c1.medium	Linux/UNIX
SPOTINSTANCEPRICE	0.060000	2011-06-06T06:52:12-0700	c1.medium	Linux/UNIX
SPOTINSTANCEPRICE	0.058000	2011-06-06T09:14:43-0700	c1.medium	Linux/UNIX
SPOTINSTANCEPRICE	0.060000	2011-06-06T14:21:58-0700	c1.medium	Linux/UNIX
SPOTINSTANCEPRICE	0.062000	2011-06-06T14:58:55-0700	c1.medium	Linux/UNIX
SPOTINSTANCEPRICE	0.060000	2011-06-06T15:16:06-0700	c1.medium	Linux/UNIX
SPOTINSTANCEPRICE	0.058000	2011-06-06T18:58:57-0700	c1.medium	Linux/UNIX
SPOTINSTANCEPRICE	0.062000	2011-06-06T21:24:45-0700	c1.medium	Linux/UNIX
SPOTINSTANCEPRICE	0.060000	2011-06-06T21:38:59-0700	c1.medium	Linux/UNIX
SPOTINSTANCEPRICE	0.062000	2011-06-06T22:35:34-0700	c1.medium	Linux/UNIX
SPOTINSTANCEPRICE	0.059000	2011-06-06T22:53:53-0700	c1.medium	Linux/UNIX
SPOTINSTANCEPRICE	0.061000	2011-06-06T23:05:05-0700	c1.medium	Linux/UNIX
SPOTINSTANCEPRICE	0.062000	2011-06-06T23:19:05-0700	c1.medium	Linux/UNIX
SPOTINSTANCEPRICE	0.061000	2011-06-06T23:27:41-0700	c1.medium	Linux/UNIX
SPOTINSTANCEPRICE	0.063000	2011-06-06T23:33:16-0700	c1.medium	Linux/UNIX
SPOTINSTANCEPRICE	0.058000	2011-06-07T01:01:26-0700	c1.medium	Linux/UNIX
SPOTINSTANCEPRICE	0.057000	2011-06-07T01:12:29-0700	c1.medium	Linux/UNIX
SPOTINSTANCEPRICE	0.060000	2011-06-07T04:02:04-0700	c1.medium	Linux/UNIX
SPOTINSTANCEPRICE	0.058000	2011-06-07T06:20:46-0700	c1.medium	Linux/UNIX
SPOTINSTANCEPRICE	0.057000	2011-06-07T06:29:32-0700	c1.medium	Linux/UNIX
SPOTINSTANCEPRICE	0.058000	2011-06-07T06:52:55-0700	c1.medium	Linux/UNIX
SPOTINSTANCEPRICE	0.061000	2011-06-07T08:29:07-0700	c1.medium	Linux/UNIX
SPOTINSTANCEPRICE	0.062000	2011-06-07T10:44:47-0700	c1.medium	Linux/UNIX
SPOTINSTANCEPRICE	0.061000	2011-06-07T13:06:32-0700	c1.medium	Linux/UNIX
SPOTINSTANCEPRICE	0.060000	2011-06-07T14:30:44-0700	c1.medium	Linux/UNIX
SPOTINSTANCEPRICE	0.063000	2011-06-07T15:14:19-0700	c1.medium	Linux/UNIX
SPOTINSTANCEPRICE	0.059000	2011-06-07T16:34:13-0700	c1.medium	Linux/UNIX
SPOTINSTANCEPRICE	0.062000	2011-06-07T19:52:46-0700	c1.medium	Linux/UNIX
SPOTINSTANCEPRICE	0.060000	2011-06-07T21:11:54-0700	c1.medium	Linux/UNIX
SPOTINSTANCEPRICE	0.062000	2011-06-07T22:36:58-0700	c1.medium	Linux/UNIX
SPOTINSTANCEPRICE	0.059000	2011-06-07T22:59:40-0700	c1.medium	Linux/UNIX
SPOTINSTANCEPRICE	0.062000	2011-06-07T23:44:20-0700	c1.medium	Linux/UNIX
SPOTINSTANCEPRICE	0.061000	2011-06-08T00:58:36-0700	c1.medium	Linux/UNIX
SPOTINSTANCEPRICE	0.058000	2011-06-08T01:42:55-0700	c1.medium	Linux/UNIX
SPOTINSTANCEPRICE	0.061000	2011-06-08T01:54:07-0700	c1.medium	Linux/UNIX
SPOTINSTANCEPRICE	0.058000	2011-06-08T02:10:46-0700	c1.medium	Linux/UNIX
SPOTINSTANCEPRICE	0.060000	2011-06-08T07:11:15-0700	c1.medium	Linux/UNIX
SPOTINSTANCEPRICE	0.061000	2011-06-08T07:55:38-0700	c1.medium	Linux/UNIX
SPOTINSTANCEPRICE	0.057000	2011-06-08T09:48:45-0700	c1.medium	Linux/UNIX
SPOTINSTANCEPRICE	0.059000	2011-06-08T11:24:45-0700	c1.medium	Linux/UNIX
SPOTINSTANCEPRICE	0.057000	2011-06-08T12:42:01-0700	c1.medium	Linux/UNIX
SPOTINSTANCEPRICE	0.062000	2011-06-08T13:31:53-0700	c1.medium	Linux/UNIX
SPOTINSTANCEPRICE	0.061000	2011-06-08T13:48:33-0700	c1.medium	Linux/UNIX
SPOTINSTANCEPRICE	0.063000	2011-06-08T16:50:58-0700	c1.medium	Linux/UNIX
SPOTINSTANCEPRICE	0.062000	2011-06-08T19:48:22-0700	c1.medium	Linux/UNIX
SPOTINSTANCEPRICE	0.063000	2011-06-08T20:18:00-0700	c1.medium	Linux/UNIX
SPOTINSTANCEPRICE	0.060000	2011-06-08T22:02:52-0700	c1.medium	Linux/UNIX
SPOTINSTANCEPRICE	0.058000	2011-06-09T00:28:04-0700	c1.medium	Linux/UNIX
SPOTINSTANCEPRICE	0.061000	2011-06-09T02:40:47-0700	c1.medium	Linux/UNIX
SPOTINSTANCEPRICE	0.057000	2011-06-09T04:40:13-0700	c1.medium	Linux/UNIX
SPOTINSTANCEPRICE	0.059000	2011-06-09T05:42:19-0700	c1.medium	Linux/UNIX
SPOTINSTANCEPRICE	0.063000	2011-06-09T09:47:46-0700	c1.medium	Linux/UNIX
SPOTINSTANCEPRICE	0.060000	2011-06-09T14:44:26-0700	c1.medium	Linux/UNIX
SPOTINSTANCEPRICE	0.062000	2011-06-09T15:25:58-0700	c1.medium	Linux/UNIX
SPOTINSTANCEPRICE	0.063000	2011-06-09T17:15:29-0700	c1.medium	Linux/UNIX
SPOTINSTANCEPRICE	0.057000	2011-06-09T17:56:23-0700	c1.medium	Linux/UNIX
SPOTINSTANCEPRICE	0.060000	2011-06-09T19:57:13-0700	c1.medium	Linux/UNIX
SPOTINSTANCEPRICE	0.057000	2011-06-09T21:24:29-0700	c1.medium	Linux/UNIX
SPOTINSTANCEPRICE	0.063000	2011-06-09T22:21:24-0700	c1.medium	Linux/UNIX
SPOTINSTANCEPRICE	0.062000	2011-06-09T23:13:28-0700	c1.medium	Linux/UNIX
SPOTINSTANCEPRICE	0.057000	2011-06-10T01:02:20-0700	c1.medium	Linux/UNIX
SPOTINSTANCEPRICE	0.058000	2011-06-10T01:57:43-0700	c1.medium	Linux/UNIX
SPOTINSTANCEPRICE	0.061000	2011-06-10T03:20:35-0700	c1.medium	Linux/UNIX
SPOTINSTANCEPRICE	0.058000	2011-06-10T04:20:53-0700	c1.medium	Linux/UNIX
SPOTINSTANCEPRICE	0.063000	2011-06-10T04:27:57-0700	c1.medium	Linux/UNIX
SPOTINSTANCEPRICE	0.062000	2011-06-10T06:42:10-0700	c1.medium	Linux/UNIX
SPOTINSTANCEPRICE	0.057000	2011-06-10T07:16:21-0700	c1.medium	Linux/UNIX
SPOTINSTANCEPRICE	0.060000	2011-06-10T11:25:16-0700	c1.medium	Linux/UNIX
SPOTINSTANCEPRICE	0.058000	2011-06-10T12:30:38-0700	c1.medium	Linux/UNIX
SPOTINSTANCEPRICE	0.057000	2011-06-10T16:45:50-0700	c1.medium	Linux/UNIX
SPOTINSTANCEPRICE	0.061000	2011-06-10T17:27:45-0700	c1.medium	Linux/UNIX
SPOTINSTANCEPRICE	0.060000	2011-06-10T18:04:25-0700	c1.medium	Linux/UNIX
SPOTINSTANCEPRICE	0.063000	2011-06-10T18:22:46-0700	c1.medium	Linux/UNIX
SPOTINSTANCEPRICE	0.061000	2011-06-10T18:28:24-0700	c1.medium	Linux/UNIX
SPOTINSTANCEPRICE	0.062000	2011-06-10T18:35:26-0700	c1.medium	Linux/UNIX
SPOTINSTANCEPRICE	0.058000	2011-06-10T19:10:45-0700	c1.medium	Linux/UNIX
SPOTINSTANCEPRICE	0.061000	2011-06-10T19:45:44-0700	c1.medium	Linux/UNIX
SPOTINSTANCEPRICE	0.057000	2011-06-10T22:20:14-0700	c1.medium	Linux/UNIX
SPOTINSTANCEPRICE	0.062000	2011-06-11T01:59:38-0700	c1.medium	Linux/UNIX
SPOTINSTANCEPRICE	0.059000	2011-06-11T02:54:51-0700	c1.medium	Linux/UNIX
SPOTINSTANCEPRICE	0.060000	2011-06-11T03:42:40-0700	c1.medium	Linux/UNIX
SPOTINSTANCEPRICE	0.062000	2011-06-11T05:12:39-0700	c1.medium	Linux/UNIX
SPOTINSTANCEPRICE	0.063000	2011-06-11T07:08:20-0700	c1.medium	Linux/UNIX
SPOTINSTANCEPRICE	0.060000	2011-06-11T08:34:59-0700	c1.medium	Linux/UNIX
SPOTINSTANCEPRICE	0.058000	2011-06-11T11:06:53-0700	c1.medium	Linux/UNIX
SPOTINSTANCEPRICE	0.062000	2011-06-11T15:08:42-0700	c1.medium	Linux/UNIX
SPOTINSTANCEPRICE	0.063000	2011-06-11T16:39:42-0700	c1.medium	Linux/UNIX
SPOTINSTANCEPRICE	0.061000	2011-06-11T17:03:46-0700	c1.medium	Linux/UNIX
SPOTINSTANCEPRICE	0.058000	2011-06-11T21:14:15-0700	c1.medium	Linux/UNIX
SPOTINSTANCEPRICE	0.063000	2011-06-11T21:49:09-0700	c1.medium	Linux/UNIX
SPOTINSTANCEPRICE	0.061000	2011-06-11T22:59:03-0700	c1.medium	Linux/UNIX
SPOTINSTANCEPRICE	0.063000	2011-06-11T23:10:21-0700	c1.medium	Linux/UNIX
SPOTINSTANCEPRICE	0.059000	2011-06-12T00:05:00-0700	c1.medium	Linux/UNIX
SPOTINSTANCEPRICE	0.057000	2011-06-12T01:25:57-0700	c1.medium	Linux/UNIX
SPOTINSTANCEPRICE	0.058000	2011-06-12T09:23:15-0700	c1.medium	Linux/UNIX
SPOTINSTANCEPRICE	0.061000	2011-06-12T15:01:57-0700	c1.medium	Linux/UNIX
SPOTINSTANCEPRICE	0.059000	2011-06-12T15:08:46-0700	c1.medium	Linux/UNIX
SPOTINSTANCEPRICE	0.061000	2011-06-12T17:26:39-0700	c1.medium	Linux/UNIX
SPOTINSTANCEPRICE	0.062000	2011-06-12T18:13:56-0700	c1.medium	Linux/UNIX
SPOTINSTANCEPRICE	0.063000	2011-06-12T22:43:21-0700	c1.medium	Linux/UNIX
SPOTINSTANCEPRICE	0.057000	2011-06-12T22:58:47-0700	c1.medium	Linux/UNIX
SPOTINSTANCEPRICE	0.063000	2011-06-12T23:50:21-0700	c1.medium	Linux/UNIX
SPOTINSTANCEPRICE	0.059000	2011-06-13T00:17:53-0700	c1.medium	Linux/UNIX
SPOTINSTANCEPRICE	0.060000	2011-06-13T00:31:53-0700	c1.medium	Linux/UNIX
SPOTINSTANCEPRICE	0.058000	2011-06-13T00:54:12-0700	c1.medium	Linux/UNIX
SPOTINSTANCEPRICE	0.062000	2011-06-13T01:24:40-0700	c1.medium	Linux/UNIX
SPOTINSTANCEPRICE	0.059000	2011-06-13T17:14:53-0700	c1.medium	Linux/UNIX
SPOTINSTANCEPRICE	0.062000	2011-06-13T17:53:57-0700	c1.medium	Linux/UNIX
SPOTINSTANCEPRICE	0.059000	2011-06-13T20:24:25-0700	c1.medium	Linux/UNIX
SPOTINSTANCEPRICE	0.062000	2011-06-13T20:39:53-0700	c1.medium	Linux/UNIX
SPOTINSTANCEPRICE	0.063000	2011-06-13T21:00:35-0700	c1.medium	Linux/UNIX
SPOTINSTANCEPRICE	0.059000	2011-06-13T21:37:06-0700	c1.medium	Linux/UNIX
SPOTINSTANCEPRICE	0.062000	2011-06-14T00:44:43-0700	c1.medium	Linux/UNIX
SPOTINSTANCEPRICE	0.059000	2011-06-14T02:02:35-0700	c1.medium	Linux/UNIX
SPOTINSTANCEPRICE	0.062000	2011-06-14T03:47:11-0700	c1.medium	Linux/UNIX
SPOTINSTANCEPRICE	0.058000	2011-06-14T06:19:07-0700	c1.medium	Linux/UNIX
SPOTINSTANCEPRICE	0.061000	2011-06-14T07:12:16-0700	c1.medium	Linux/UNIX
SPOTINSTANCEPRICE	0.058000	2011-06-14T08:40:40-0700	c1.medium	Linux/UNIX
SPOTINSTANCEPRICE	0.062000	2011-06-14T12:40:21-0700	c1.medium	Linux/UNIX
SPOTINSTANCEPRICE	0.059000	2011-06-14T14:41:43-0700	c1.medium	Linux/UNIX
SPOTINSTANCEPRICE	0.063000	2011-06-14T18:20:27-0700	c1.medium	Linux/UNIX
SPOTINSTANCEPRICE	0.061000	2011-06-14T20:42:24-0700	c1.medium	Linux/UNIX
SPOTINSTANCEPRICE	0.058000	2011-06-14T21:12:11-0700	c1.medium	Linux/UNIX
SPOTINSTANCEPRICE	0.061000	2011-06-14T21:47:34-0700	c1.medium	Linux/UNIX
SPOTINSTANCEPRICE	0.058000	2011-06-14T23:20:52-0700	c1.medium	Linux/UNIX
SPOTINSTANCEPRICE	0.060000	2011-06-15T00:41:12-0700	c1.medium	Linux/UNIX
SPOTINSTANCEPRICE	0.058000	2011-06-15T01:10:37-0700	c1.medium	Linux/UNIX
SPOTINSTANCEPRICE	0.062000	2011-06-15T01:26:01-0700	c1.medium	Linux/UNIX
SPOTINSTANCEPRICE	0.058000	2011-06-15T01:50:14-0700	c1.medium	Linux/UNIX
SPOTINSTANCEPRICE	0.063000	2011-06-15T05:44:48-0700	c1.medium	Linux/UNIX
SPOTINSTANCEPRICE	0.062000	2011-06-15T09:03:07-0700	c1.medium	Linux/UNIX
SPOTINSTANCEPRICE	0.061000	2011-06-15T13:21:33-0700	c1.medium	Linux/UNIX
SPOTINSTANCEPRICE	0.058000	2011-06-15T17:20:14-0700	c1.medium	Linux/UNIX
SPOTINSTANCEPRICE	0.061000	2011-06-15T18:01:39-0700	c1.medium	Linux/UNIX
SPOTINSTANCEPRICE	0.058000	2011-06-15T19:29:49-0700	c1.medium	Linux/UNIX
SPOTINSTANCEPRICE	0.061000	2011-06-15T22:37:50-0700	c1.medium	Linux/UNIX
SPOTINSTANCEPRICE	0.058000	2011-06-16T00:31:53-0700	c1.medium	Linux/UNIX
SPOTINSTANCEPRICE	0.062000	2011-06-16T01:50:02-0700	c1.medium	Linux/UNIX
SPOTINSTANCEPRICE	0.060000	2011-06-16T05:15:41-0700	c1.medium	Linux/UNIX
SPOTINSTANCEPRICE	0.061000	2011-06-16T07:38:13-0700	c1.medium	Linux/UNIX
SPOTINSTANCEPRICE	0.057000	2011-06-16T07:53:27-0700	c1.medium	Linux/UNIX
SPOTINSTANCEPRICE	0.062000	2011-06-16T09:44:20-0700	c1.medium	Linux/UNIX
SPOTINSTANCEPRICE	0.057000	2011-06-16T11:13:14-0700	c1.medium	Linux/UNIX
SPOTINSTANCEPRICE	0.063000	2011-06-16T12:12:22-0700	c1.medium	Linux/UNIX
SPOTINSTANCEPRICE	0.058000	2011-06-16T12:36:16-0700	c1.medium	Linux/UNIX
SPOTINSTANCEPRICE	0.060000	2011-06-16T16:12:15-0700	c1.medium	Linux/UNIX
SPOTINSTANCEPRICE	0.057000	2011-06-16T21:02:19-0700	c1.medium	Linux/UNIX
SPOTINSTANCEPRICE	0.063000	2011-06-16T21:22:47-0700	c1.medium	Linux/UNIX
SPOTINSTANCEPRICE	0.057000	2011-06-16T21:47:08-0700	c1.medium	Linux/UNIX
SPOTINSTANCEPRICE	0.058000	2011-06-16T22:37:11-0700	c1.medium	Linux/UNIX
SPOTINSTANCEPRICE	0.061000	2011-06-16T23:57:06-0700	c1.medium	Linux/UNIX
SPOTINSTANCEPRICE	0.063000	2011-06-17T03:22:59-0700	c1.medium	Linux/UNIX
SPOTINSTANCEPRICE	0.062000	2011-06-17T03:45:58-0700	c1.medium	Linux/UNIX
SPOTINSTANCEPRICE	0.058000	2011-06-17T07:39:00-0700	c1.medium	Linux/UNIX
SPOTINSTANCEPRICE	0.062000	2011-06-17T08:19:10-0700	c1.medium	Linux/UNIX
SPOTINSTANCEPRICE	0.059000	2011-06-17T08:44:54-0700	c1.medium	Linux/UNIX
SPOTINSTANCEPRICE	0.060000	2011-06-17T09:33:27-0700	c1.medium	Linux/UNIX
SPOTINSTANCEPRICE	0.058000	2011-06-17T12:58:21-0700	c1.medium	Linux/UNIX
SPOTINSTANCEPRICE	0.061000	2011-06-17T16:21:18-0700	c1.medium	Linux/UNIX
SPOTINSTANCEPRICE	0.058000	2011-06-17T18:54:22-0700	c1.medium	Linux/UNIX
SPOTINSTANCEPRICE	0.061000	2011-06-17T19:12:54-0700	c1.medium	Linux/UNIX
SPOTINSTANCEPRICE	0.062000	2011-06-17T20:55:34-0700	c1.medium	Linux/UNIX
SPOTINSTANCEPRICE	0.058000	2011-06-18T02:01:37-0700	c1.medium	Linux/UNIX
SPOTINSTANCEPRICE	0.061000	2011-06-18T03:07:22-0700	c1.medium	Linux/UNIX
SPOTINSTANCEPRICE	0.062000	2011-06-18T04:36:16-0700	c1.medium	Linux/UNIX
SPOTINSTANCEPRICE	0.058000	2011-06-18T04:57:25-0700	c1.medium	Linux/UNIX
SPOTINSTANCEPRICE	0.062000	2011-06-18T06:08:29-0700	c1.medium	Linux/UNIX
SPOTINSTANCEPRICE	0.060000	2011-06-18T07:16:17-0700	c1.medium	Linux/UNIX
SPOTINSTANCEPRICE	0.062000	2011-06-18T11:53:22-0700	c1.medium	Linux/UNIX
SPOTINSTANCEPRICE	0.061000	2011-06-18T14:25:22-0700	c1.medium	Linux/UNIX
SPOTINSTANCEPRICE	0.063000	2011-06-18T17:31:41-0700	c1.medium	Linux/UNIX
SPOTINSTANCEPRICE	0.059000	2011-06-18T20:46:07-0700	c1.medium	Linux/UNIX
SPOTINSTANCEPRICE	0.057000	2011-06-18T22:29:02-0700	c1.medium	Linux/UNIX
SPOTINSTANCEPRICE	0.058000	2011-06-18T22:54:49-0700	c1.medium	Linux/UNIX
SPOTINSTANCEPRICE	0.061000	2011-06-19T05:05:32-0700	c1.medium	Linux/UNIX
SPOTINSTANCEPRICE	0.059000	2011-06-19T06:12:17-0700	c1.medium	Linux/UNIX
SPOTINSTANCEPRICE	0.063000	2011-06-19T06:39:47-0700	c1.medium	Linux/UNIX
SPOTINSTANCEPRICE	0.062000	2011-06-19T06:57:20-0700	c1.medium	Linux/UNIX
SPOTINSTANCEPRICE	0.057000	2011-06-19T08:41:42-0700	c1.medium	Linux/UNIX
SPOTINSTANCEPRICE	0.059000	2011-06-19T09:57:43-0700	c1.medium	Linux/UNIX
SPOTINSTANCEPRICE	0.061000	2011-06-19T10:23:19-0700	c1.medium	Linux/UNIX
SPOTINSTANCEPRICE	0.057000	2011-06-19T11:03:24-0700	c1.medium	Linux/UNIX
SPOTINSTANCEPRICE	0.059000	2011-06-19T11:57:33-0700	c1.medium	Linux/UNIX
SPOTINSTANCEPRICE	0.057000	2011-06-19T12:38:53-0700	c1.medium	Linux/UNIX
SPOTINSTANCEPRICE	0.061000	2011-06-19T13:36:47-0700	c1.medium	Linux/UNIX
SPOTINSTANCEPRICE	0.062000	2011-06-19T15:44:07-0700	c1.medium	Linux/UNIX
SPOTINSTANCEPRICE	0.061000	2011-06-19T17:26:36-0700	c1.medium	Linux/UNIX
SPOTINSTANCEPRICE	0.060000	2011-06-19T20:18:01-0700	c1.medium	Linux/UNIX
SPOTINSTANCEPRICE	0.062000	2011-06-19T21:17:37-0700	c1.medium	Linux/UNIX
SPOTINSTANCEPRICE	0.060000	2011-06-19T23:14:26-0700	c1.medium	Linux/UNIX
SPOTINSTANCEPRICE	0.061000	2011-06-19T23:54:11-0700	c1.medium	Linux/UNIX
SPOTINSTANCEPRICE	0.057000	2011-06-20T00:30:41-0700	c1.medium	Linux/UNIX
SPOTINSTANCEPRICE	0.062000	2011-06-20T09:08:08-0700	c1.medium	Linux/UNIX
SPOTINSTANCEPRICE	0.061000	2011-06-20T13:44:31-0700	c1.medium	Linux/UNIX
SPOTINSTANCEPRICE	0.062000	2011-06-20T13:56:26-0700	c1.medium	Linux/UNIX
SPOTINSTANCEPRICE	0.061000	2011-06-20T14:32:03-0700	c1.medium	Linux/UNIX
SPOTINSTANCEPRICE	0.059000	2011-06-20T16:31:04-0700	c1.medium	Linux/UNIX
SPOTINSTANCEPRICE	0.063000	2011-06-20T16:37:00-0700	c1.medium	Linux/UNIX
SPOTINSTANCEPRICE	0.062000	2011-06-20T18:34:04-0700	c1.medium	Linux/UNIX
SPOTINSTANCEPRICE	0.061000	2011-06-21T02:04:55-0700	c1.medium	Linux/UNIX
SPOTINSTANCEPRICE	0.058000	2011-06-21T06:37:26-0700	c1.medium	Linux/UNIX
SPOTINSTANCEPRICE	0.057000	2011-06-21T07:29:48-0700	c1.medium	Linux/UNIX
SPOTINSTANCEPRICE	0.062000	2011-06-21T10:26:37-0700	c1.medium	Linux/UNIX
SPOTINSTANCEPRICE	0.063000	2011-06-21T12:41:30-0700	c1.medium	Linux/UNIX
SPOTINSTANCEPRICE	0.061000	2011-06-21T14:56:35-0700	c1.medium	Linux/UNIX
SPOTINSTANCEPRICE	0.058000	2011-06-21T16:03:35-0700	c1.medium	Linux/UNIX
SPOTINSTANCEPRICE	0.062000	2011-06-21T22:19:21-0700	c1.medium	Linux/UNIX
SPOTINSTANCEPRICE	0.063000	2011-06-21T22:33:05-0700	c1.medium	Linux/UNIX
SPOTINSTANCEPRICE	0.058000	2011-06-21T22:42:37-0700	c1.medium	Linux/UNIX
SPOTINSTANCEPRICE	0.062000	2011-06-21T23:17:42-0700	c1.medium	Linux/UNIX
SPOTINSTANCEPRICE	0.058000	2011-06-22T00:29:46-0700	c1.medium	Linux/UNIX
SPOTINSTANCEPRICE	0.063000	2011-06-22T03:13:15-0700	c1.medium	Linux/UNIX
SPOTINSTANCEPRICE	0.059000	2011-06-22T04:27:23-0700	c1.medium	Linux/UNIX
SPOTINSTANCEPRICE	0.061000	2011-06-22T05:36:47-0700	c1.medium	Linux/UNIX
SPOTINSTANCEPRICE	0.057000	2011-06-22T07:02:33-0700	c1.medium	Linux/UNIX
SPOTINSTANCEPRICE	0.063000	2011-06-22T10:13:46-0700	c1.medium	Linux/UNIX
SPOTINSTANCEPRICE	0.061000	2011-06-22T11:06:01-0700	c1.medium	Linux/UNIX
SPOTINSTANCEPRICE	0.062000	2011-06-22T14:27:51-0700	c1.medium	Linux/UNIX
SPOTINSTANCEPRICE	0.063000	2011-06-22T16:01:22-0700	c1.medium	Linux/UNIX
SPOTINSTANCEPRICE	0.057000	2011-06-22T17:10:38-0700	c1.medium	Linux/UNIX
SPOTINSTANCEPRICE	0.063000	2011-06-22T18:56:10-0700	c1.medium	Linux/UNIX
SPOTINSTANCEPRICE	0.058000	2011-06-22T19:59:03-0700	c1.medium	Linux/UNIX
SPOTINSTANCEPRICE	0.063000	2011-06-22T20:33:30-0700	c1.medium	Linux/UNIX
SPOTINSTANCEPRICE	0.062000	2011-06-22T22:48:55-0700	c1.medium	Linux/UNIX
SPOTINSTANCEPRICE	0.057000	2011-06-23T01:37:54-0700	c1.medium	Linux/UNIX
SPOTINSTANCEPRICE	0.063000	2011-06-23T03:10:24-0700	c1.medium	Linux/UNIX
SPOTINSTANCEPRICE	0.062000	2011-06-23T04:28:57-0700	c1.medium	Linux/UNIX
SPOTINSTANCEPRICE	0.060000	2011-06-23T06:03:58-0700	c1.medium	Linux/UNIX
SPOTINSTANCEPRICE	0.058000	2011-06-23T07:21:15-0700	c1.medium	Linux/UNIX
SPOTINSTANCEPRICE	0.061000	2011-06-23T08:04:53-0700	c1.medium	Linux/UNIX
SPOTINSTANCEPRICE	0.058000	2011-06-23T11:42:18-0700	c1.medium	Linux/UNIX
SPOTINSTANCEPRICE	0.062000	2011-06-23T13:38:14-0700	c1.medium	Linux/UNIX
SPOTINSTANCEPRICE	0.057000	2011-06-23T15:12:06-0700	c1.medium	Linux/UNIX
SPOTINSTANCEPRICE	0.062000	2011-06-23T18:12:23-0700	c1.medium	Linux/UNIX
SPOTINSTANCEPRICE	0.061000	2011-06-23T18:58:38-0700	c1.medium	Linux/UNIX
SPOTINSTANCEPRICE	0.060000	2011-06-23T19:52:00-0700	c1.medium	Linux/UNIX
SPOTINSTANCEPRICE	0.061000	2011-06-23T20:13:57-0700	c1.medium	Linux/UNIX
SPOTINSTANCEPRICE	0.062000	2011-06-23T22:41:36-0700	c1.medium	Linux/UNIX
SPOTINSTANCEPRICE	0.058000	2011-06-23T23:34:47-0700	c1.medium	Linux/UNIX
SPOTINSTANCEPRICE	0.062000	2011-06-24T03:19:30-0700	c1.medium	Linux/UNIX
SPOTINSTANCEPRICE	0.061000	2011-06-24T03:25:04-0700	c1.medium	Linux/UNIX
SPOTINSTANCEPRICE	0.063000	2011-06-24T04:10:06-0700	c1.medium	Linux/UNIX
SPOTINSTANCEPRICE	0.058000	2011-06-24T05:15:45-0700	c1.medium	Linux/UNIX
SPOTINSTANCEPRICE	0.061000	2011-06-24T09:31:41-0700	c1.medium	Linux/UNIX
SPOTINSTANCEPRICE	0.060000	2011-06-24T10:22:01-0700	c1.medium	Linux/UNIX
SPOTINSTANCEPRICE	0.059000	2011-06-24T10:35:42-0700	c1.medium	Linux/UNIX
SPOTINSTANCEPRICE	0.060000	2011-06-24T12:41:55-0700	c1.medium	Linux/UNIX
SPOTINSTANCEPRICE	0.061000	2011-06-24T14:46:41-0700	c1.medium	Linux/UNIX
SPOTINSTANCEPRICE	0.058000	2011-06-24T15:35:28-0700	c1.medium	Linux/UNIX
SPOTINSTANCEPRICE	0.057000	2011-06-24T17:42:46-0700	c1.medium	Linux/UNIX
SPOTINSTANCEPRICE	0.060000	2011-06-24T22:13:40-0700	c1.medium	Linux/UNIX
SPOTINSTANCEPRICE	0.058000	2011-06-25T00:09:59-0700	c1.medium	Linux/UNIX
SPOTINSTANCEPRICE	0.057000	2011-06-25T02:30:17-0700	c1.medium	Linux/UNIX
SPOTINSTANCEPRICE	0.058000	2011-06-25T03:57:39-0700	c1.medium	Linux/UNIX
SPOTINSTANCEPRICE	0.062000	2011-06-25T05:56:12-0700	c1.medium	Linux/UNIX
SPOTINSTANCEPRICE	0.061000	2011-06-25T09:48:41-0700	c1.medium	Linux/UNIX
SPOTINSTANCEPRICE	0.059000	2011-06-25T13:44:16-0700	c1.medium	Linux/UNIX
SPOTINSTANCEPRICE	0.063000	2011-06-25T16:25:05-0700	c1.medium	Linux/UNIX
SPOTINSTANCEPRICE	0.058000	2011-06-25T19:51:56-0700	c1.medium	Linux/UNIX
SPOTINSTANCEPRICE	0.062000	2011-06-25T20:02:57-0700	c1.medium	Linux/UNIX
SPOTINSTANCEPRICE	0.058000	2011-06-25T20:47:10-0700	c1.medium	Linux/UNIX
SPOTINSTANCEPRICE	0.062000	2011-06-25T21:26:53-0700	c1.medium	Linux/UNIX
SPOTINSTANCEPRICE	0.058000	2011-06-25T22:08:30-0700	c1.medium	Linux/UNIX
SPOTINSTANCEPRICE	0.062000	2011-06-25T22:51:01-0700	c1.medium	Linux/UNIX
SPOTINSTANCEPRICE	0.061000	2011-06-26T01:27:10-0700	c1.medium	Linux/UNIX
SPOTINSTANCEPRICE	0.059000	2011-06-26T01:57:08-0700	c1.medium	Linux/UNIX
SPOTINSTANCEPRICE	0.062000	2011-06-26T02:08:01-0700	c1.medium	Linux/UNIX
SPOTINSTANCEPRICE	0.057000	2011-06-26T03:18:51-0700	c1.medium	Linux/UNIX
SPOTINSTANCEPRICE	0.061000	2011-06-26T04:07:58-0700	c1.medium	Linux/UNIX
SPOTINSTANCEPRICE	0.058000	2011-06-26T05:02:10-0700	c1.medium	Linux/UNIX
SPOTINSTANCEPRICE	0.062000	2011-06-26T06:24:07-0700	c1.medium	Linux/UNIX
SPOTINSTANCEPRICE	0.058000	2011-06-26T07:31:13-0700	c1.medium	Linux/UNIX
SPOTINSTANCEPRICE	0.060000	2011-06-26T07:44:54-0700	c1.medium	Linux/UNIX
SPOTINSTANCEPRICE	0.058000	2011-06-26T09:24:48-0700	c1.medium	Linux/UNIX
SPOTINSTANCEPRICE	0.061000	2011-06-26T09:50:42-0700	c1.medium	Linux/UNIX
SPOTINSTANCEPRICE	0.062000	2011-06-26T10:09:40-0700	c1.medium	Linux/UNIX
SPOTINSTANCEPRICE	0.061000	2011-06-26T11:04:15-0700	c1.medium	Linux/UNIX
SPOTINSTANCEPRICE	0.059000	2011-06-26T12:27:05-0700	c1.medium	Linux/UNIX
SPOTINSTANCEPRICE	0.057000	2011-06-26T14:04:07-0700	c1.medium	Linux/UNIX
SPOTINSTANCEPRICE	0.059000	2011-06-26T14:57:33-0700	c1.medium	Linux/UNIX
SPOTINSTANCEPRICE	0.061000	2011-06-26T17:53:45-0700	c1.medium	Linux/UNIX
SPOTINSTANCEPRICE	0.063000	2011-06-26T18:39:07-0700	c1.medium	Linux/UNIX
SPOTINSTANCEPRICE	0.062000	2011-06-26T21:18:56-0700	c1.medium	Linux/UNIX
SPOTINSTANCEPRICE	0.061000	2011-06-26T21:25:56-0700	c1.medium	Linux/UNIX
SPOTINSTANCEPRICE	0.063000	2011-06-26T22:57:13-0700	c1.medium	Linux/UNIX
SPOTINSTANCEPRICE	0.062000	2011-06-27T00:12:32-0700	c1.medium	Linux/UNIX
SPOTINSTANCEPRICE	0.061000	2011-06-27T04:22:36-0700	c1.medium	Linux/UNIX
SPOTINSTANCEPRICE	0.058000	2011-06-27T04:44:33-0700	c1.medium	Linux/UNIX
SPOTINSTANCEPRICE	0.062000	2011-06-27T07:30:32-0700	c1.medium	Linux/UNIX
SPOTINSTANCEPRICE	0.058000	2011-06-27T08:37:55-0700	c1.medium	Linux/UNIX
SPOTINSTANCEPRICE	0.062000	2011-06-27T11:19:00-0700	c1.medium	Linux/UNIX
SPOTINSTANCEPRICE	0.058000	2011-06-27T12:37:55-0700	c1.medium	Linux/UNIX
SPOTINSTANCEPRICE	0.061000	2011-06-27T13:50:06-0700	c1.medium	Linux/UNIX
SPOTINSTANCEPRICE	0.058000	2011-06-27T15:16:03-0700	c1.medium	Linux/UNIX
SPOTINSTANCEPRICE	0.060000	2011-06-27T18:21:33-0700	c1.medium	Linux/UNIX
SPOTINSTANCEPRICE	0.061000	2011-06-27T19:58:50-0700	c1.medium	Linux/UNIX
SPOTINSTANCEPRICE	0.058000	2011-06-27T20:17:06-0700	c1.medium	Linux/UNIX
SPOTINSTANCEPRICE	0.061000	2011-06-27T22:20:50-0700	c1.medium	Linux/UNIX
SPOTINSTANCEPRICE	0.059000	2011-06-27T22:36:16-0700	c1.medium	Linux/UNIX
SPOTINSTANCEPRICE	0.062000	2011-06-27T22:54:23-0700	c1.medium	Linux/UNIX
SPOTINSTANCEPRICE	0.060000	2011-06-28T01:34:24-0700	c1.medium	Linux/UNIX
SPOTINSTANCEPRICE	0.057000	2011-06-28T02:45:20-0700	c1.medium	Linux/UNIX
SPOTINSTANCEPRICE	0.062000	2011-06-28T05:59:33-0700	c1.medium	Linux/UNIX
SPOTINSTANCEPRICE	0.057000	2011-06-28T10:47:12-0700	c1.medium	Linux/UNIX
SPOTINSTANCEPRICE	0.058000	2011-06-28T12:03:31-0700	c1.medium	Linux/UNIX
SPOTINSTANCEPRICE	0.062000	2011-06-28T12:51:25-0700	c1.medium	Linux/UNIX
SPOTINSTANCEPRICE	0.061000	2011-06-28T13:02:22-0700	c1.medium	Linux/UNIX
SPOTINSTANCEPRICE	0.062000	2011-06-28T16:14:46-0700	c1.medium	Linux/UNIX
SPOTINSTANCEPRICE	0.058000	2011-06-28T17:24:45-0700	c1.medium	Linux/UNIX
SPOTINSTANCEPRICE	0.061000	2011-06-28T20:08:03-0700	c1.medium	Linux/UNIX
SPOTINSTANCEPRICE	0.062000	2011-06-28T23:01:45-0700	c1.medium	Linux/UNIX
SPOTINSTANCEPRICE	0.063000	2011-06-29T01:05:40-0700	c1.medium	Linux/UNIX
SPOTINSTANCEPRICE	0.061000	2011-06-29T01:48:08-0700	c1.medium	Linux/UNIX
SPOTINSTANCEPRICE	0.062000	2011-06-29T03:32:14-0700	c1.medium	Linux/UNIX
SPOTINSTANCEPRICE	0.061000	2011-06-29T04:41:56-0700	c1.medium	Linux/UNIX
SPOTINSTANCEPRICE	0.062000	2011-06-29T06:26:29-0700	c1.medium	Linux/UNIX
SPOTINSTANCEPRICE	0.058000	2011-06-29T06:49:29-0700	c1.medium	Linux/UNIX
SPOTINSTANCEPRICE	0.062000	2011-06-29T08:16:53-0700	c1.medium	Linux/UNIX
SPOTINSTANCEPRICE	0.063000	2011-06-29T11:49:13-0700	c1.medium	Linux/UNIX
SPOTINSTANCEPRICE	0.057000	2011-06-29T12:11:24-0700	c1.medium	Linux/UNIX
SPOTINSTANCEPRICE	0.058000	2011-06-29T13:20:21-0700	c1.medium	Linux/UNIX
SPOTINSTANCEPRICE	0.063000	2011-06-29T20:19:07-0700	c1.medium	Linux/UNIX
SPOTINSTANCEPRICE	0.058000	2011-06-29T21:58:01-0700	c1.medium	Linux/UNIX
SPOTINSTANCEPRICE	0.057000	2011-06-29T22:29:44-0700	c1.medium	Linux/UNIX
SPOTINSTANCEPRICE	0.058000	2011-06-29T23:25:59-0700	c1.medium	Linux/UNIX
SPOTINSTANCEPRICE	0.057000	2011-06-30T01:02:16-0700	c1.medium	Linux/UNIX
SPOTINSTANCEPRICE	0.061000	2011-06-30T02:58:11-0700	c1.medium	Linux/UNIX
SPOTINSTANCEPRICE	0.059000	2011-06-30T04:22:44-0700	c1.medium	Linux/UNIX
SPOTINSTANCEPRICE	0.060000	2011-06-30T04:54:04-0700	c1.medium	Linux/UNIX
SPOTINSTANCEPRICE	0.062000	2011-06-30T06:12:10-0700	c1.medium	Linux/UNIX
SPOTINSTANCEPRICE	0.060000	2011-06-30T07:18:54-0700	c1.medium	Linux/UNIX
SPOTINSTANCEPRICE	0.059000	2011-06-30T08:37:19-0700	c1.medium	Linux/UNIX
SPOTINSTANCEPRICE	0.062000	2011-06-30T10:35:40-0700	c1.medium	Linux/UNIX
SPOTINSTANCEPRICE	0.058000	2011-06-30T12:49:49-0700	c1.medium	Linux/UNIX
SPOTINSTANCEPRICE	0.063000	2011-06-30T14:46:43-0700	c1.medium	Linux/UNIX
SPOTINSTANCEPRICE	0.057000	2011-06-30T15:03:03-0700	c1.medium	Linux/UNIX
SPOTINSTANCEPRICE	0.062000	2011-06-30T15:08:38-0700	c1.medium	Linux/UNIX
SPOTINSTANCEPRICE	0.058000	2011-06-30T16:05:52-0700	c1.medium	Linux/UNIX
SPOTINSTANCEPRICE	0.057000	2011-06-30T18:15:35-0700	c1.medium	Linux/UNIX
SPOTINSTANCEPRICE	0.061000	2011-06-30T18:22:24-0700	c1.medium	Linux/UNIX
SPOTINSTANCEPRICE	0.062000	2011-06-30T19:22:39-0700	c1.medium	Linux/UNIX
SPOTINSTANCEPRICE	0.057000	2011-06-30T23:33:34-0700	c1.medium	Linux/UNIX
SPOTINSTANCEPRICE	0.063000	2011-06-30T23:57:45-0700	c1.medium	Linux/UNIX
SPOTINSTANCEPRICE	0.057000	2011-07-01T00:19:15-0700	c1.medium	Linux/UNIX
SPOTINSTANCEPRICE	0.061000	2011-07-01T03:03:06-0700	c1.medium	Linux/UNIX
SPOTINSTANCEPRICE	0.057000	2011-07-01T04:05:03-0700	c1.medium	Linux/UNIX
SPOTINSTANCEPRICE	0.060000	2011-07-01T06:00:12-0700	c1.medium	Linux/UNIX
SPOTINSTANCEPRICE	0.059000	2011-07-01T06:58:51-0700	c1.medium	Linux/UNIX
SPOTINSTANCEPRICE	0.062000	2011-07-01T08:21:26-0700	c1.medium	Linux/UNIX
SPOTINSTANCEPRICE	0.058000	2011-07-01T08:35:07-0700	c1.medium	Linux/UNIX
SPOTINSTANCEPRICE	0.060000	2011-07-01T09:23:43-0700	c1.medium	Linux/UNIX
SPOTINSTANCEPRICE	0.059000	2011-07-01T11:18:42-0700	c1.medium	Linux/UNIX
SPOTINSTANCEPRICE	0.057000	2011-07-01T13:09:11-0700	c1.medium	Linux/UNIX
SPOTINSTANCEPRICE	0.061000	2011-07-01T14:10:13-0700	c1.medium	Linux/UNIX
SPOTINSTANCEPRICE	0.057000	2011-07-01T17:31:26-0700	c1.medium	Linux/UNIX
SPOTINSTANCEPRICE	0.063000	2011-07-01T18:42:19-0700	c1.medium	Linux/UNIX
SPOTINSTANCEPRICE	0.061000	2011-07-01T18:59:10-0700	c1.medium	Linux/UNIX
SPOTINSTANCEPRICE	0.058000	2011-07-01T19:18:28-0700	c1.medium	Linux/UNIX
SPOTINSTANCEPRICE	0.062000	2011-07-01T20:10:10-0700	c1.medium	Linux/UNIX
SPOTINSTANCEPRICE	0.058000	2011-07-01T21:45:42-0700	c1.medium	Linux/UNIX
SPOTINSTANCEPRICE	0.061000	2011-07-02T02:48:58-0700	c1.medium	Linux/UNIX
SPOTINSTANCEPRICE	0.058000	2011-07-02T08:49:16-0700	c1.medium	Linux/UNIX
SPOTINSTANCEPRICE	0.057000	2011-07-02T11:47:50-0700	c1.medium	Linux/UNIX
SPOTINSTANCEPRICE	0.059000	2011-07-02T13:15:38-0700	c1.medium	Linux/UNIX
SPOTINSTANCEPRICE	0.057000	2011-07-02T16:12:55-0700	c1.medium	Linux/UNIX
SPOTINSTANCEPRICE	0.062000	2011-07-02T17:24:12-0700	c1.medium	Linux/UNIX
SPOTINSTANCEPRICE	0.063000	2011-07-02T18:23:25-0700	c1.medium	Linux/UNIX
SPOTINSTANCEPRICE	0.061000	2011-07-02T18:34:20-0700	c1.medium	Linux/UNIX
SPOTINSTANCEPRICE	0.057000	2011-07-02T20:07:30-0700	c1.medium	Linux/UNIX
SPOTINSTANCEPRICE	0.058000	2011-07-02T20:32:48-0700	c1.medium	Linux/UNIX
SPOTINSTANCEPRICE	0.061000	2011-07-02T20:42:28-0700	c1.medium	Linux/UNIX
SPOTINSTANCEPRICE	0.058000	2011-07-02T22:43:09-0700	c1.medium	Linux/UNIX
SPOTINSTANCEPRICE	0.060000	2011-07-03T00:46:56-0700	c1.medium	Linux/UNIX
SPOTINSTANCEPRICE	0.059000	2011-07-03T04:23:57-0700	c1.medium	Linux/UNIX
SPOTINSTANCEPRICE	0.063000	2011-07-03T06:58:42-0700	c1.medium	Linux/UNIX
SPOTINSTANCEPRICE	0.058000	2011-07-03T07:32:32-0700	c1.medium	Linux/UNIX
SPOTINSTANCEPRICE	0.057000	2011-07-03T08:57:41-0700	c1.medium	Linux/UNIX
SPOTINSTANCEPRICE	0.062000	2011-07-03T09:49:37-0700	c1.medium	Linux/UNIX
SPOTINSTANCEPRICE	0.063000	2011-07-03T10:56:54-0700	c1.medium	Linux/UNIX
SPOTINSTANCEPRICE	0.058000	2011-07-03T11:48:53-0700	c1.medium	Linux/UNIX
SPOTINSTANCEPRICE	0.061000	2011-07-03T12:10:22-0700	c1.medium	Linux/UNIX
SPOTINSTANCEPRICE	0.057000	2011-07-03T13:24:33-0700	c1.medium	Linux/UNIX
SPOTINSTANCEPRICE	0.059000	2011-07-03T13:54:39-0700	c1.medium	Linux/UNIX
SPOTINSTANCEPRICE	0.063000	2011-07-03T15:16:15-0700	c1.medium	Linux/UNIX
SPOTINSTANCEPRICE	0.059000	2011-07-03T16:02:46-0700	c1.medium	Linux/UNIX
SPOTINSTANCEPRICE	0.057000	2011-07-03T18:07:55-0700	c1.medium	Linux/UNIX
SPOTINSTANCEPRICE	0.063000	2011-07-03T18:59:54-0700	c1.medium	Linux/UNIX
SPOTINSTANCEPRICE	0.058000	2011-07-03T21:19:46-0700	c1.medium	Linux/UNIX
SPOTINSTANCEPRICE	0.063000	2011-07-03T22:54:57-0700	c1.medium	Linux/UNIX
SPOTINSTANCEPRICE	0.058000	2011-07-04T01:31:16-0700	c1.medium	Linux/UNIX
SPOTINSTANCEPRICE	0.060000	2011-07-04T04:46:52-0700	c1.medium	Linux/UNIX
SPOTINSTANCEPRICE	0.061000	2011-07-04T06:03:28-0700	c1.medium	Linux/UNIX
SPOTINSTANCEPRICE	0.063000	2011-07-04T06:20:59-0700	c1.medium	Linux/UNIX
SPOTINSTANCEPRICE	0.062000	2011-07-04T08:05:41-0700	c1.medium	Linux/UNIX
SPOTINSTANCEPRICE	0.057000	2011-07-04T09:47:23-0700	c1.medium	Linux/UNIX
SPOTINSTANCEPRICE	0.058000	2011-07-04T13:05:51-0700	c1.medium	Linux/UNIX
SPOTINSTANCEPRICE	0.062000	2011-07-04T14:11:03-0700	c1.medium	Linux/UNIX
SPOTINSTANCEPRICE	0.063000	2011-07-04T15:06:20-0700	c1.medium	Linux/UNIX
SPOTINSTANCEPRICE	0.062000	2011-07-04T17:42:46-0700	c1.medium	Linux/UNIX
SPOTINSTANCEPRICE	0.059000	2011-07-04T18:22:49-0700	c1.medium	Linux/UNIX
SPOTINSTANCEPRICE	0.061000	2011-07-04T20:13:43-0700	c1.medium	Linux/UNIX
SPOTINSTANCEPRICE	0.058000	2011-07-04T20:38:32-0700	c1.medium	Linux/UNIX
SPOTINSTANCEPRICE	0.060000	2011-07-05T00:28:18-0700	c1.medium	Linux/UNIX
SPOTINSTANCEPRICE	0.062000	2011-07-05T02:02:17-0700	c1.medium	Linux/UNIX
SPOTINSTANCEPRICE	0.058000	2011-07-05T05:42:29-0700	c1.medium	Linux/UNIX
SPOTINSTANCEPRICE	0.063000	2011-07-05T06:21:44-0700	c1.medium	Linux/UNIX
SPOTINSTANCEPRICE	0.057000	2011-07-05T06:56:49-0700	c1.medium	Linux/UNIX
SPOTINSTANCEPRICE	0.059000	2011-07-05T14:01:36-0700	c1.medium	Linux/UNIX
SPOTINSTANCEPRICE	0.057000	2011-07-05T14:40:52-0700	c1.medium	Linux/UNIX
SPOTINSTANCEPRICE	0.063000	2011-07-05T16:34:58-0700	c1.medium	Linux/UNIX
SPOTINSTANCEPRICE	0.061000	2011-07-05T18:34:26-0700	c1.medium	Linux/UNIX
SPOTINSTANCEPRICE	0.062000	2011-07-06T03:52:58-0700	c1.medium	Linux/UNIX
SPOTINSTANCEPRICE	0.059000	2011-07-06T04:56:21-0700	c1.medium	Linux/UNIX
SPOTINSTANCEPRICE	0.063000	2011-07-06T11:15:43-0700	c1.medium	Linux/UNIX
SPOTINSTANCEPRICE	0.059000	2011-07-06T11:50:45-0700	c1.medium	Linux/UNIX
SPOTINSTANCEPRICE	0.060000	2011-07-06T14:20:13-0700	c1.medium	Linux/UNIX
SPOTINSTANCEPRICE	0.063000	2011-07-06T15:02:01-0700	c1.medium	Linux/UNIX
SPOTINSTANCEPRICE	0.062000	2011-07-06T15:15:42-0700	c1.medium	Linux/UNIX
SPOTINSTANCEPRICE	0.061000	2011-07-06T15:29:21-0700	c1.medium	Linux/UNIX
SPOTINSTANCEPRICE	0.058000	2011-07-06T16:29:43-0700	c1.medium	Linux/UNIX
SPOTINSTANCEPRICE	0.062000	2011-07-06T17:30:33-0700	c1.medium	Linux/UNIX
SPOTINSTANCEPRICE	0.061000	2011-07-06T19:24:04-0700	c1.medium	Linux/UNIX
SPOTINSTANCEPRICE	0.062000	2011-07-06T19:29:24-0700	c1.medium	Linux/UNIX
SPOTINSTANCEPRICE	0.058000	2011-07-06T22:24:30-0700	c1.medium	Linux/UNIX
SPOTINSTANCEPRICE	0.061000	2011-07-06T22:34:20-0700	c1.medium	Linux/UNIX
SPOTINSTANCEPRICE	0.059000	2011-07-06T23:40:00-0700	c1.medium	Linux/UNIX
SPOTINSTANCEPRICE	0.057000	2011-07-06T23:52:50-0700	c1.medium	Linux/UNIX
SPOTINSTANCEPRICE	0.062000	2011-07-07T02:25:44-0700	c1.medium	Linux/UNIX
SPOTINSTANCEPRICE	0.061000	2011-07-07T03:22:53-0700	c1.medium	Linux/UNIX
SPOTINSTANCEPRICE	0.058000	2011-07-07T04:11:50-0700	c1.medium	Linux/UNIX
SPOTINSTANCEPRICE	0.057000	2011-07-07T07:38:15-0700	c1.medium	Linux/UNIX
SPOTINSTANCEPRICE	0.060000	2011-07-07T14:00:31-0700	c1.medium	Linux/UNIX
SPOTINSTANCEPRICE	0.059000	2011-07-07T14:22:28-0700	c1.medium	Linux/UNIX
SPOTINSTANCEPRICE	0.060000	2011-07-07T14:30:31-0700	c1.medium	Linux/UNIX
SPOTINSTANCEPRICE	0.059000	2011-07-07T15:42:45-0700	c1.medium	Linux/UNIX
SPOTINSTANCEPRICE	0.060000	2011-07-07T15:48:44-0700	c1.medium	Linux/UNIX
SPOTINSTANCEPRICE	0.059000	2011-07-07T16:00:59-0700	c1.medium	Linux/UNIX
SPOTINSTANCEPRICE	0.060000	2011-07-07T16:06:09-0700	c1.medium	Linux/UNIX
SPOTINSTANCEPRICE	0.059000	2011-07-07T16:14:26-0700	c1.medium	Linux/UNIX
SPOTINSTANCEPRICE	0.060000	2011-07-07T16:20:54-0700	c1.medium	Linux/UNIX
SPOTINSTANCEPRICE	0.057000	2011-07-07T16:42:57-0700	c1.medium	Linux/UNIX
SPOTINSTANCEPRICE	0.060000	2011-07-07T16:48:45-0700	c1.medium	Linux/UNIX
SPOTINSTANCEPRICE	0.058000	2011-07-07T17:42:56-0700	c1.medium	Linux/UNIX
SPOTINSTANCEPRICE	0.060000	2011-07-07T17:49:09-0700	c1.medium	Linux/UNIX
SPOTINSTANCEPRICE	0.059000	2011-07-07T17:59:46-0700	c1.medium	Linux/UNIX
SPOTINSTANCEPRICE	0.060000	2011-07-07T18:05:52-0700	c1.medium	Linux/UNIX
SPOTINSTANCEPRICE	0.059000	2011-07-07T18:13:30-0700	c1.medium	Linux/UNIX
SPOTINSTANCEPRICE	0.060000	2011-07-07T18:19:38-0700	c1.medium	Linux/UNIX
SPOTINSTANCEPRICE	0.059000	2011-07-07T21:43:38-0700	c1.medium	Linux/UNIX
SPOTINSTANCEPRICE	0.060000	2011-07-07T21:49:40-0700	c1.medium	Linux/UNIX
SPOTINSTANCEPRICE	0.058000	2011-07-07T22:18:03-0700	c1.medium	Linux/UNIX
SPOTINSTANCEPRICE	0.060000	2011-07-07T22:24:14-0700	c1.medium	Linux/UNIX
SPOTINSTANCEPRICE	0.058000	2011-07-07T22:52:47-0700	c1.medium	Linux/UNIX
SPOTINSTANCEPRICE	0.060000	2011-07-07T22:59:08-0700	c1.medium	Linux/UNIX
SPOTINSTANCEPRICE	0.059000	2011-07-08T01:31:43-0700	c1.medium	Linux/UNIX
SPOTINSTANCEPRICE	0.060000	2011-07-08T01:37:57-0700	c1.medium	Linux/UNIX
SPOTINSTANCEPRICE	0.059000	2011-07-08T01:47:13-0700	c1.medium	Linux/UNIX
SPOTINSTANCEPRICE	0.060000	2011-07-08T01:53:15-0700	c1.medium	Linux/UNIX
SPOTINSTANCEPRICE	0.058000	2011-07-08T02:01:04-0700	c1.medium	Linux/UNIX
SPOTINSTANCEPRICE	0.060000	2011-07-08T02:13:57-0700	c1.medium	Linux/UNIX
SPOTINSTANCEPRICE	0.059000	2011-07-08T03:38:02-0700	c1.medium	Linux/UNIX
SPOTINSTANCEPRICE	0.060000	2011-07-08T03:44:26-0700	c1.medium	Linux/UNIX
SPOTINSTANCEPRICE	0.057000	2011-07-08T03:55:12-0700	c1.medium	Linux/UNIX
SPOTINSTANCEPRICE	0.060000	2011-07-08T04:01:35-0700	c1.medium	Linux/UNIX
SPOTINSTANCEPRICE	0.057000	2011-07-08T04:21:47-0700	c1.medium	Linux/UNIX
SPOTINSTANCEPRICE	0.060000	2011-07-08T04:28:02-0700	c1.medium	Linux/UNIX
SPOTINSTANCEPRICE	0.058000	2011-07-08T05:06:40-0700	c1.medium	Linux/UNIX
SPOTINSTANCEPRICE	0.060000	2011-07-08T05:12:57-0700	c1.medium	Linux/UNIX
SPOTINSTANCEPRICE	0.059000	2011-07-08T05:26:46-0700	c1.medium	Linux/UNIX
SPOTINSTANCEPRICE	0.060000	2011-07-08T05:32:49-0700	c1.medium	Linux/UNIX
SPOTINSTANCEPRICE	0.058000	2011-07-08T06:13:46-0700	c1.medium	Linux/UNIX
SPOTINSTANCEPRICE	0.060000	2011-07-08T06:19:58-0700	c1.medium	Linux/UNIX
SPOTINSTANCEPRICE	0.058000	2011-07-08T07:31:49-0700	c1.medium	Linux/UNIX
SPOTINSTANCEPRICE	0.060000	2011-07-08T07:38:09-0700	c1.medium	Linux/UNIX
SPOTINSTANCEPRICE	0.057000	2011-07-08T07:58:27-0700	c1.medium	Linux/UNIX
SPOTINSTANCEPRICE	0.060000	2011-07-08T08:04:47-0700	c1.medium	Linux/UNIX
SPOTINSTANCEPRICE	0.058000	2011-07-08T09:08:53-0700	c1.medium	Linux/UNIX
SPOTINSTANCEPRICE	0.060000	2011-07-08T09:15:11-0700	c1.medium	Linux/UNIX
SPOTINSTANCEPRICE	0.059000	2011-07-08T09:27:45-0700	c1.medium	Linux/UNIX
SPOTINSTANCEPRICE	0.060000	2011-07-08T09:34:06-0700	c1.medium	Linux/UNIX
SPOTINSTANCEPRICE	0.058000	2011-07-08T11:06:51-0700	c1.medium	Linux/UNIX
SPOTINSTANCEPRICE	0.060000	2011-07-08T11:13:25-0700	c1.medium	Linux/UNIX
SPOTINSTANCEPRICE	0.058000	2011-07-08T11:28:57-0700	c1.medium	Linux/UNIX
SPOTINSTANCEPRICE	0.057000	2011-07-08T11:35:34-0700	c1.medium	Linux/UNIX
SPOTINSTANCEPRICE	0.060000	2011-07-08T11:41:53-0700	c1.medium	Linux/UNIX
SPOTINSTANCEPRICE	0.057000	2011-07-08T12:19:30-0700	c1.medium	Linux/UNIX
SPOTINSTANCEPRICE	0.060000	2011-07-08T12:25:38-0700	c1.medium	Linux/UNIX
SPOTINSTANCEPRICE	0.058000	2011-07-08T12:54:16-0700	c1.medium	Linux/UNIX
SPOTINSTANCEPRICE	0.060000	2011-07-08T13:00:35-0700	c1.medium	Linux/UNIX
SPOTINSTANCEPRICE	0.058000	2011-07-08T13:07:04-0700	c1.medium	Linux/UNIX
SPOTINSTANCEPRICE	0.060000	2011-07-08T13:14:45-0700	c1.medium	Linux/UNIX
SPOTINSTANCEPRICE	0.058000	2011-07-08T14:36:46-0700	c1.medium	Linux/UNIX
SPOTINSTANCEPRICE	0.060000	2011-07-08T14:43:12-0700	c1.medium	Linux/UNIX
SPOTINSTANCEPRICE	0.057000	2011-07-08T16:37:27-0700	c1.medium	Linux/UNIX
SPOTINSTANCEPRICE	0.060000	2011-07-08T16:43:45-0700	c1.medium	Linux/UNIX
SPOTINSTANCEPRICE	0.058000	2011-07-08T16:59:26-0700	c1.medium	Linux/UNIX
SPOTINSTANCEPRICE	0.060000	2011-07-08T17:05:52-0700	c1.medium	Linux/UNIX
SPOTINSTANCEPRICE	0.058000	2011-07-08T17:16:47-0700	c1.medium	Linux/UNIX
SPOTINSTANCEPRICE	0.060000	2011-07-08T17:23:02-0700	c1.medium	Linux/UNIX
SPOTINSTANCEPRICE	0.058000	2011-07-08T17:34:09-0700	c1.medium	Linux/UNIX
SPOTINSTANCEPRICE	0.060000	2011-07-08T17:40:26-0700	c1.medium	Linux/UNIX
SPOTINSTANCEPRICE	0.059000	2011-07-08T17:59:16-0700	c1.medium	Linux/UNIX
SPOTINSTANCEPRICE	0.060000	2011-07-08T18:05:49-0700	c1.medium	Linux/UNIX
SPOTINSTANCEPRICE	0.058000	2011-07-08T18:15:27-0700	c1.medium	Linux/UNIX
SPOTINSTANCEPRICE	0.060000	2011-07-08T18:23:21-0700	c1.medium	Linux/UNIX
SPOTINSTANCEPRICE	0.057000	2011-07-08T19:16:12-0700	c1.medium	Linux/UNIX
SPOTINSTANCEPRICE	0.060000	2011-07-08T19:24:00-0700	c1.medium	Linux/UNIX
SPOTINSTANCEPRICE	0.059000	2011-07-08T19:39:57-0700	c1.medium	Linux/UNIX
SPOTINSTANCEPRICE	0.060000	2011-07-08T19:46:17-0700	c1.medium	Linux/UNIX
SPOTINSTANCEPRICE	0.059000	2011-07-08T20:21:27-0700	c1.medium	Linux/UNIX
SPOTINSTANCEPRICE	0.060000	2011-07-08T20:27:47-0700	c1.medium	Linux/UNIX
SPOTINSTANCEPRICE	0.059000	2011-07-08T20:46:56-0700	c1.medium	Linux/UNIX
SPOTINSTANCEPRICE	0.060000	2011-07-08T20:53:09-0700	c1.medium	Linux/UNIX
SPOTINSTANCEPRICE	0.057000	2011-07-08T21:09:31-0700	c1.medium	Linux/UNIX
SPOTINSTANCEPRICE	0.060000	2011-07-08T21:15:48-0700	c1.medium	Linux/UNIX
SPOTINSTANCEPRICE	0.059000	2011-07-09T00:54:58-0700	c1.medium	Linux/UNIX
SPOTINSTANCEPRICE	0.060000	2011-07-09T01:01:19-0700	c1.medium	Linux/UNIX
SPOTINSTANCEPRICE	0.058000	2011-07-09T01:10:38-0700	c1.medium	Linux/UNIX
SPOTINSTANCEPRICE	0.060000	2011-07-09T01:17:04-0700	c1.medium	Linux/UNIX
SPOTINSTANCEPRICE	0.058000	2011-07-09T01:24:51-0700	c1.medium	Linux/UNIX
SPOTINSTANCEPRICE	0.060000	2011-07-09T01:35:35-0700	c1.medium	Linux/UNIX
SPOTINSTANCEPRICE	0.058000	2011-07-09T04:09:19-0700	c1.medium	Linux/UNIX
SPOTINSTANCEPRICE	0.060000	2011-07-09T04:15:30-0700	c1.medium	Linux/UNIX
SPOTINSTANCEPRICE	0.059000	2011-07-09T05:56:01-0700	c1.medium	Linux/UNIX
SPOTINSTANCEPRICE	0.060000	2011-07-09T06:02:38-0700	c1.medium	Linux/UNIX
SPOTINSTANCEPRICE	0.058000	2011-07-09T06:15:19-0700	c1.medium	Linux/UNIX
SPOTINSTANCEPRICE	0.060000	2011-07-09T06:21:38-0700	c1.medium	Linux/UNIX
SPOTINSTANCEPRICE	0.059000	2011-07-09T06:34:16-0700	c1.medium	Linux/UNIX
SPOTINSTANCEPRICE	0.060000	2011-07-09T06:40:45-0700	c1.medium	Linux/UNIX
SPOTINSTANCEPRICE	0.058000	2011-07-09T07:12:29-0700	c1.medium	Linux/UNIX
SPOTINSTANCEPRICE	0.060000	2011-07-09T07:18:38-0700	c1.medium	Linux/UNIX
SPOTINSTANCEPRICE	0.059000	2011-07-09T08:37:04-0700	c1.medium	Linux/UNIX
SPOTINSTANCEPRICE	0.060000	2011-07-09T08:43:27-0700	c1.medium	Linux/UNIX
SPOTINSTANCEPRICE	0.057000	2011-07-09T09:42:31-0700	c1.medium	Linux/UNIX
SPOTINSTANCEPRICE	0.060000	2011-07-09T09:48:50-0700	c1.medium	Linux/UNIX
SPOTINSTANCEPRICE	0.059000	2011-07-09T11:22:50-0700	c1.medium	Linux/UNIX
SPOTINSTANCEPRICE	0.060000	2011-07-09T11:29:09-0700	c1.medium	Linux/UNIX
SPOTINSTANCEPRICE	0.058000	2011-07-09T11:35:23-0700	c1.medium	Linux/UNIX
SPOTINSTANCEPRICE	0.060000	2011-07-09T11:41:57-0700	c1.medium	Linux/UNIX
SPOTINSTANCEPRICE	0.058000	2011-07-09T11:57:41-0700	c1.medium	Linux/UNIX
SPOTINSTANCEPRICE	0.060000	2011-07-09T12:05:43-0700	c1.medium	Linux/UNIX
SPOTINSTANCEPRICE	0.058000	2011-07-09T12:18:30-0700	c1.medium	Linux/UNIX
SPOTINSTANCEPRICE	0.060000	2011-07-09T12:24:57-0700	c1.medium	Linux/UNIX
SPOTINSTANCEPRICE	0.059000	2011-07-09T12:47:47-0700	c1.medium	Linux/UNIX
SPOTINSTANCEPRICE	0.060000	2011-07-09T12:54:14-0700	c1.medium	Linux/UNIX
SPOTINSTANCEPRICE	0.057000	2011-07-09T13:57:59-0700	c1.medium	Linux/UNIX
SPOTINSTANCEPRICE	0.060000	2011-07-09T14:04:20-0700	c1.medium	Linux/UNIX
SPOTINSTANCEPRICE	0.058000	2011-07-09T14:26:41-0700	c1.medium	Linux/UNIX
SPOTINSTANCEPRICE	0.060000	2011-07-09T14:31:51-0700	c1.medium	Linux/UNIX
SPOTINSTANCEPRICE	0.058000	2011-07-09T15:25:08-0700	c1.medium	Linux/UNIX
SPOTINSTANCEPRICE	0.060000	2011-07-09T15:31:27-0700	c1.medium	Linux/UNIX
SPOTINSTANCEPRICE	0.057000	2011-07-09T16:04:49-0700	c1.medium	Linux/UNIX
SPOTINSTANCEPRICE	0.060000	2011-07-09T16:11:20-0700	c1.medium	Linux/UNIX
SPOTINSTANCEPRICE	0.058000	2011-07-09T18:08:00-0700	c1.medium	Linux/UNIX
SPOTINSTANCEPRICE	0.057000	2011-07-09T18:14:24-0700	c1.medium	Linux/UNIX
SPOTINSTANCEPRICE	0.060000	2011-07-09T18:22:30-0700	c1.medium	Linux/UNIX
SPOTINSTANCEPRICE	0.057000	2011-07-09T19:28:34-0700	c1.medium	Linux/UNIX
SPOTINSTANCEPRICE	0.060000	2011-07-09T19:33:40-0700	c1.medium	Linux/UNIX
SPOTINSTANCEPRICE	0.058000	2011-07-09T19:59:50-0700	c1.medium	Linux/UNIX
SPOTINSTANCEPRICE	0.060000	2011-07-09T20:04:56-0700	c1.medium	Linux/UNIX
SPOTINSTANCEPRICE	0.059000	2011-07-09T21:09:12-0700	c1.medium	Linux/UNIX
SPOTINSTANCEPRICE	0.060000	2011-07-09T21:15:27-0700	c1.medium	Linux/UNIX
SPOTINSTANCEPRICE	0.059000	2011-07-09T21:34:27-0700	c1.medium	Linux/UNIX
SPOTINSTANCEPRICE	0.060000	2011-07-09T21:40:54-0700	c1.medium	Linux/UNIX
SPOTINSTANCEPRICE	0.058000	2011-07-09T22:19:35-0700	c1.medium	Linux/UNIX
SPOTINSTANCEPRICE	0.060000	2011-07-09T22:25:51-0700	c1.medium	Linux/UNIX
SPOTINSTANCEPRICE	0.059000	2011-07-09T22:33:58-0700	c1.medium	Linux/UNIX
SPOTINSTANCEPRICE	0.060000	2011-07-09T22:40:26-0700	c1.medium	Linux/UNIX
SPOTINSTANCEPRICE	0.059000	2011-07-09T23:25:55-0700	c1.medium	Linux/UNIX
SPOTINSTANCEPRICE	0.060000	2011-07-09T23:32:11-0700	c1.medium	Linux/UNIX
SPOTINSTANCEPRICE	0.058000	2011-07-10T01:27:07-0700	c1.medium	Linux/UNIX
SPOTINSTANCEPRICE	0.060000	2011-07-10T01:33:27-0700	c1.medium	Linux/UNIX
SPOTINSTANCEPRICE	0.057000	2011-07-10T01:39:59-0700	c1.medium	Linux/UNIX
SPOTINSTANCEPRICE	0.060000	2011-07-10T01:46:34-0700	c1.medium	Linux/UNIX
SPOTINSTANCEPRICE	0.058000	2011-07-10T02:05:46-0700	c1.medium	Linux/UNIX
SPOTINSTANCEPRICE	0.060000	2011-07-10T02:12:06-0700	c1.medium	Linux/UNIX
SPOTINSTANCEPRICE	0.058000	2011-07-10T02:37:45-0700	c1.medium	Linux/UNIX
SPOTINSTANCEPRICE	0.060000	2011-07-10T02:44:18-0700	c1.medium	Linux/UNIX
SPOTINSTANCEPRICE	0.058000	2011-07-10T04:30:37-0700	c1.medium	Linux/UNIX
SPOTINSTANCEPRICE	0.060000	2011-07-10T04:37:04-0700	c1.medium	Linux/UNIX
SPOTINSTANCEPRICE	0.058000	2011-07-10T05:29:08-0700	c1.medium	Linux/UNIX
SPOTINSTANCEPRICE	0.060000	2011-07-10T05:35:30-0700	c1.medium	Linux/UNIX
SPOTINSTANCEPRICE	0.057000	2011-07-10T06:03:27-0700	c1.medium	Linux/UNIX
SPOTINSTANCEPRICE	0.060000	2011-07-10T06:09:59-0700	c1.medium	Linux/UNIX
SPOTINSTANCEPRICE	0.059000	2011-07-10T06:23:15-0700	c1.medium	Linux/UNIX
SPOTINSTANCEPRICE	0.060000	2011-07-10T06:29:45-0700	c1.medium	Linux/UNIX
SPOTINSTANCEPRICE	0.057000	2011-07-10T06:37:26-0700	c1.medium	Linux/UNIX
SPOTINSTANCEPRICE	0.060000	2011-07-10T06:43:47-0700	c1.medium	Linux/UNIX
SPOTINSTANCEPRICE	0.058000	2011-07-10T07:40:26-0700	c1.medium	Linux/UNIX
SPOTINSTANCEPRICE	0.060000	2011-07-10T07:48:22-0700	c1.medium	Linux/UNIX
SPOTINSTANCEPRICE	0.059000	2011-07-10T07:54:56-0700	c1.medium	Linux/UNIX
SPOTINSTANCEPRICE	0.060000	2011-07-10T07:59:57-0700	c1.medium	Linux/UNIX
SPOTINSTANCEPRICE	0.058000	2011-07-10T08:11:10-0700	c1.medium	Linux/UNIX
SPOTINSTANCEPRICE	0.060000	2011-07-10T08:17:35-0700	c1.medium	Linux/UNIX
SPOTINSTANCEPRICE	0.058000	2011-07-10T08:35:17-0700	c1.medium	Linux/UNIX
SPOTINSTANCEPRICE	0.060000	2011-07-10T08:41:53-0700	c1.medium	Linux/UNIX
SPOTINSTANCEPRICE	0.058000	2011-07-10T09:38:50-0700	c1.medium	Linux/UNIX
SPOTINSTANCEPRICE	0.060000	2011-07-10T09:44:01-0700	c1.medium	Linux/UNIX
SPOTINSTANCEPRICE	0.058000	2011-07-10T10:52:06-0700	c1.medium	Linux/UNIX
SPOTINSTANCEPRICE	0.060000	2011-07-10T10:58:23-0700	c1.medium	Linux/UNIX
SPOTINSTANCEPRICE	0.058000	2011-07-10T12:13:04-0700	c1.medium	Linux/UNIX
SPOTINSTANCEPRICE	0.060000	2011-07-10T12:19:26-0700	c1.medium	Linux/UNIX
SPOTINSTANCEPRICE	0.059000	2011-07-10T14:44:01-0700	c1.medium	Linux/UNIX
SPOTINSTANCEPRICE	0.060000	2011-07-10T14:50:33-0700	c1.medium	Linux/UNIX
SPOTINSTANCEPRICE	0.059000	2011-07-10T15:01:54-0700	c1.medium	Linux/UNIX
SPOTINSTANCEPRICE	0.060000	2011-07-10T15:08:18-0700	c1.medium	Linux/UNIX
SPOTINSTANCEPRICE	0.057000	2011-07-10T15:21:37-0700	c1.medium	Linux/UNIX
SPOTINSTANCEPRICE	0.060000	2011-07-10T15:27:56-0700	c1.medium	Linux/UNIX
SPOTINSTANCEPRICE	0.058000	2011-07-10T16:07:33-0700	c1.medium	Linux/UNIX
SPOTINSTANCEPRICE	0.060000	2011-07-10T16:14:01-0700	c1.medium	Linux/UNIX
SPOTINSTANCEPRICE	0.058000	2011-07-10T16:50:00-0700	c1.medium	Linux/UNIX
SPOTINSTANCEPRICE	0.060000	2011-07-10T16:56:24-0700	c1.medium	Linux/UNIX
SPOTINSTANCEPRICE	0.058000	2011-07-10T17:06:31-0700	c1.medium	Linux/UNIX
SPOTINSTANCEPRICE	0.060000	2011-07-10T17:12:58-0700	c1.medium	Linux/UNIX
SPOTINSTANCEPRICE	0.058000	2011-07-10T17:21:20-0700	c1.medium	Linux/UNIX
SPOTINSTANCEPRICE	0.060000	2011-07-10T17:27:38-0700	c1.medium	Linux/UNIX
SPOTINSTANCEPRICE	0.058000	2011-07-10T19:04:52-0700	c1.medium	Linux/UNIX
SPOTINSTANCEPRICE	0.060000	2011-07-10T19:11:09-0700	c1.medium	Linux/UNIX
SPOTINSTANCEPRICE	0.057000	2011-07-10T20:38:48-0700	c1.medium	Linux/UNIX
SPOTINSTANCEPRICE	0.060000	2011-07-10T20:45:15-0700	c1.medium	Linux/UNIX
SPOTINSTANCEPRICE	0.057000	2011-07-10T21:34:18-0700	c1.medium	Linux/UNIX
SPOTINSTANCEPRICE	0.060000	2011-07-10T21:40:41-0700	c1.medium	Linux/UNIX
